<window id="2001">
	<defaultcontrol always="true">5</defaultcontrol>
<!--<include>16x9_xPos_Relocation</include>-->
	<include>Window_OpenClose_Animation_Zoom</include>
	<onload>Control.SetFocus(99)</onload>
	<coordinates>
		<system>1</system>
		<posx>180</posx>
		<posy>10</posy>
	</coordinates>
	<controls>

<!-- Header & Background -->
		<control type="image">
			<posx>0</posx>
			<posy>0</posy>
			<width>920</width>
			<height>60</height>
			<texture border="5">DialogHeader.png</texture>
		</control>
		<control type="group" id="99">
			<posx>850</posx>
			<posy>0</posy>
			<include>DialogCloseButtonCommons</include>
			<ondown condition="Control.IsVisible(50)">50</ondown>
			<ondown condition="Control.IsVisible(49)">49</ondown>
			<ondown>9000</ondown>
		</control>
		<control type="image">
			<posx>0</posx>
			<posy>60</posy>
			<width>920</width>
			<height>680</height>
			<texture border="5">dialog_back_black2.png</texture>
		</control>
		<control type="label">
			<description>header label</description>
			<posx>20</posx>
			<posy>0</posy>
			<include>WindowTitleCommons</include>
			<width>910</width>
			<label>$INFO[Listitem.Album]</label>
			<visible>container.content(Albums)</visible>
		</control>
		<control type="label">
			<description>header label</description>
			<posx>20</posx>
			<posy>0</posy>
			<include>WindowTitleCommons</include>
			<width>910</width>
			<label>$INFO[Listitem.Artist]</label>
			<visible>container.content(Artists)</visible>
		</control>
		<control type="label">
			<description>header label</description>
			<posx>20</posx>
			<posy>0</posy>
			<include>WindowTitleCommons</include>
			<width>910</width>
			<label>658</label>
			<visible>!container.content(Artists) + !container.content(Albums)</visible>
		</control>

<!-- Albums & Artists Info -->
<!--<control type="group">
		<visible>Container.Content(Artists) | Container.Content(Albums)</visible>
		<control type="image">
			<posx>0</posx>
			<posy>60</posy>
			<width>920</width>
			<height>580</height>
			<aspectratio>scale</aspectratio>
			<texture>$INFO[ListItem.Art(fanart)]</texture>
			<colordiffuse>22FFFFFF</colordiffuse>
		</control>
		<control type="group">
			<visible>Container.Content(Albums) + !Control.IsVisible(50)</visible>
			<posy>70</posy>
			<posx>20</posx>
			<include>VisibleFadeEffect</include>
			<control type="image">
				<posx>0</posx>
				<posy>0</posy>
				<width>260</width>
				<height>260</height>
				<aspectratio>keep</aspectratio>
				<bordertexture border="8">ThumbShadow.png</bordertexture>
				<bordersize>8</bordersize>
				<texture background="true">$INFO[ListItem.Icon]</texture>
			</control>
			<control type="label">
				<posx>280</posx>
				<posy>0</posy>
				<width>680</width>
				<height>30</height>
				<font>font24_title</font>
				<textcolor>white</textcolor>
				<align>left</align>
				<aligny>center</aligny>
				<label>$LOCALIZE[21821]$INFO[Container(601).CurrentPage, ( $LOCALIZE[31024] ]$INFO[Container(601).NumPages,/, )]</label>
			</control>
			<control type="textbox" id="601">
				<description>Description Value for Albums</description>
				<posx>280</posx>
				<posy>30</posy>
				<width>600</width>
				<height>330</height>
				<font>font23</font>
				<textcolor>white</textcolor>
				<pagecontrol>60</pagecontrol>
				<label>$INFO[ListItem.Property(Album_Description)]</label>
			</control>
			<control type="image">
				<posx>0</posx>
				<posy>390</posy>
				<width>920</width>
				<height>5</height>
				<texture>separator.png</texture>
			</control>
			<control type="list" id="49">
				<posx>0</posx>
				<posy>200</posy>
				<width>860</width>
				<height>330</height>
				<onleft>99</onleft>
				<onright>60</onright>
				<onup>49</onup>
				<ondown>49</ondown>
				<pagecontrol>60</pagecontrol>
				<scrolltime>200</scrolltime>
				<itemlayout height="30">
					<control type="label">
						<posx>200</posx>
						<posy>0</posy>
						<width>160</width>
						<height>30</height>
						<font>font24_title</font>
						<align>right</align>
						<aligny>center</aligny>
						<textcolor>white</textcolor>
						<selectedcolor>selected</selectedcolor>
						<info>ListItem.Label</info>
					</control>
					<control type="label">
						<posx>210</posx>
						<posy>0</posy>
						<width>750</width>
						<height>30</height>
						<font>font24_title</font>
						<align>left</align>
						<aligny>center</aligny>
						<textcolor>white</textcolor>
						<selectedcolor>white</selectedcolor>
						<info>ListItem.Label2</info>
					</control>
				</itemlayout>
				<focusedlayout height="30">
					<control type="label">
						<posx>200</posx>
						<posy>0</posy>
						<width>160</width>
						<height>30</height>
						<font>font24_title</font>
						<align>right</align>
						<aligny>center</aligny>
						<textcolor>white</textcolor>
						<selectedcolor>selected</selectedcolor>
						<info>ListItem.Label</info>
					</control>
					<control type="label">
						<posx>210</posx>
						<posy>0</posy>
						<width>750</width>
						<height>30</height>
						<font>font24_title</font>
						<align>left</align>
						<aligny>center</aligny>
						<textcolor>white</textcolor>
						<selectedcolor>white</selectedcolor>
						<info>ListItem.Label2</info>
					</control>
				</focusedlayout>
				<content>
					<item>
						<label>$LOCALIZE[557]:</label>
						<label2>$INFO[ListItem.Artist]</label2>
						
						<visible>!String.IsEmpty(ListItem.Artist)</visible>
					</item>
					<item>
						<label>$LOCALIZE[515]:</label>
						<label2>$INFO[ListItem.Genre]</label2>
						
						<visible>!String.IsEmpty(ListItem.Genre)</visible>
					</item>
					<item>
						<label>$LOCALIZE[563]:</label>
						<label2>$INFO[ListItem.Rating]</label2>
						
						<visible>!String.IsEmpty(ListItem.Rating)</visible>
					</item>
					<item>
						<label>$LOCALIZE[175]:</label>
						<label2>$INFO[ListItem.Property(Album_Mood)]</label2>
						
						<visible>!String.IsEmpty(ListItem.Property(Album_Mood))</visible>
					</item>
					<item>
						<label>$LOCALIZE[176]:</label>
						<label2>$INFO[ListItem.Property(Album_Style)]</label2>
						
						<visible>!String.IsEmpty(ListItem.Property(Album_Style))</visible>
					</item>
					<item>
						<label>$LOCALIZE[21895]:</label>
						<label2>$INFO[ListItem.Property(Album_Theme)]</label2>
						
						<visible>!String.IsEmpty(ListItem.Property(Album_Theme))</visible>
					</item>
					<item>
						<label>146</label>
						<label2>$INFO[ListItem.Property(Album_Type)]</label2>
						
						<visible>!String.IsEmpty(ListItem.Property(Album_Type))</visible>
					</item>
					<item>
						<label>$LOCALIZE[21899]:</label>
						<label2>$INFO[ListItem.Property(Album_Label)]</label2>
						
						<visible>!String.IsEmpty(ListItem.Property(Album_Label))</visible>
					</item>
					<item>
						<label>$LOCALIZE[562]:</label>
						<label2>$INFO[ListItem.Year]</label2>
						
						<visible>!String.IsEmpty(ListItem.Year)</visible>
					</item>
				</content>
			</control>
		</control>
		<control type="group">
			<visible>Container.Content(Artists) + !Control.IsVisible(50)</visible>
			<posy>70</posy>
			<posx>20</posx>
			<include>VisibleFadeEffect</include>
			<control type="image">
				<posx>0</posx>
				<posy>0</posy>
				<width>260</width>
				<height>360</height>
				<aspectratio>keep</aspectratio>
				<bordertexture border="8">ThumbShadow.png</bordertexture>
				<bordersize>8</bordersize>
				<texture background="true">$INFO[ListItem.Icon]</texture>
			</control>
			<control type="label">
				<posx>280</posx>
				<posy>0</posy>
				<width>700</width>
				<height>30</height>
				<font>font24_title</font>
				<textcolor>white</textcolor>
				<align>left</align>
				<aligny>center</aligny>
				<label>$LOCALIZE[21821]$INFO[Container(600).CurrentPage, ( $LOCALIZE[31024] ]$INFO[Container(600).NumPages,/, )]</label>
			</control>
			<control type="textbox" id="600">
				<description>Description Value for Albums</description>
				<posx>280</posx>
				<posy>30</posy>
				<width>600</width>
				<height>330</height>
				<font>font24_title</font>
				<textcolor>white</textcolor>
				<pagecontrol>60</pagecontrol>
				<label>$INFO[ListItem.Property(Artist_Description)]</label>
			</control>
			<control type="image">
				<posx>0</posx>
				<posy>390</posy>
				<width>880</width>
				<height>5</height>
				<texture>separator.png</texture>
			</control>
			<control type="list" id="49">
				<posx>0</posx>
				<posy>400</posy>
				<width>920</width>
				<height>330</height>
				<onleft>49</onleft>
				<onright>49</onright>
				<onup>9000</onup>
				<ondown>61</ondown>
				<pagecontrol></pagecontrol>
				<scrolltime>200</scrolltime>
				<itemlayout height="30">
					<control type="label">
						<posx>200</posx>
						<posy>0</posy>
						<width>160</width>
						<height>30</height>
						<font>font24_title</font>
						<align>right</align>
						<aligny>center</aligny>
						<textcolor>white</textcolor>
						<selectedcolor>selected</selectedcolor>
						<info>ListItem.Label</info>
					</control>
					<control type="label">
						<posx>210</posx>
						<posy>0</posy>
						<width>750</width>
						<height>30</height>
						<font>font24_title</font>
						<align>left</align>
						<aligny>center</aligny>
						<textcolor>white</textcolor>
						<selectedcolor>white</selectedcolor>
						<info>ListItem.Label2</info>
					</control>
				</itemlayout>
				<focusedlayout height="30">
					<control type="label">
						<posx>200</posx>
						<posy>0</posy>
						<width>160</width>
						<height>30</height>
						<font>font24_title</font>
						<align>right</align>
						<aligny>center</aligny>
						<textcolor>white</textcolor>
						<selectedcolor>selected</selectedcolor>
						<info>ListItem.Label</info>
					</control>
					<control type="label">
						<posx>210</posx>
						<posy>0</posy>
						<width>750</width>
						<height>30</height>
						<font>font24_title</font>
						<align>left</align>
						<aligny>center</aligny>
						<textcolor>white</textcolor>
						<selectedcolor>white</selectedcolor>
						<info>ListItem.Label2</info>
					</control>
				</focusedlayout>
				<content>
					<item>
						<label>$LOCALIZE[21893]:</label>
						<label2>$INFO[ListItem.Property(Artist_Born)]</label2>
						
						<visible>!String.IsEmpty(ListItem.Property(Artist_Born))</visible>
					</item>
					<item>
						<label>$LOCALIZE[21894]:</label>
						<label2>$INFO[ListItem.Property(Artist_Formed)]</label2>
						
						<visible>!String.IsEmpty(ListItem.Property(Artist_Formed))</visible>
					</item>
					<item>
						<label>$LOCALIZE[515]:</label>
						<label2>$INFO[ListItem.Genre]</label2>
						
						<visible>!String.IsEmpty(ListItem.Genre)</visible>
					</item>
					<item>
						<label>$LOCALIZE[175]:</label>
						<label2>$INFO[ListItem.Property(Artist_Mood)]</label2>
						
						<visible>!String.IsEmpty(ListItem.Property(Artist_Mood))</visible>
					</item>
					<item>
						<label>$LOCALIZE[176]:</label>
						<label2>$INFO[ListItem.Property(Artist_Style)]</label2>
						
						<visible>!String.IsEmpty(ListItem.Property(Artist_Style))</visible>
					</item>
					<item>
						<label>$LOCALIZE[21892]:</label>
						<label2>$INFO[ListItem.Property(Artist_Instrument)]</label2>
						
						<visible>!String.IsEmpty(ListItem.Property(Artist_Instrument))</visible>
					</item>
					<item>
						<label>$LOCALIZE[21897]:</label>
						<label2>$INFO[ListItem.Property(Artist_Died)]</label2>
						
						<visible>!String.IsEmpty(ListItem.Property(Artist_Died))</visible>
					</item>
					<item>
						<label>$LOCALIZE[21896]:</label>
						<label2>$INFO[ListItem.Property(Artist_Disbanded)]</label2>
						
						<visible>!String.IsEmpty(ListItem.Property(Artist_Disbanded))</visible>
					</item>
					<item>
						<label>$LOCALIZE[21898]:</label>
						<label2>$INFO[ListItem.Property(Artist_YearsActive)]</label2>
						
						<visible>!String.IsEmpty(ListItem.Property(Artist_YearsActive))</visible>
					</item>
				</content>
			</control>
		</control>
		<control type="panel" id="50">
			<posx>0</posx>
			<posy>85</posy>
			<width>860</width>
			<height>520</height>
			<onup>50</onup>
			<onleft>50</onleft>
			<onright>50</onright>
			<ondown>50</ondown>
			<pagecontrol>60</pagecontrol>
			<scrolltime>200</scrolltime>
			<include>VisibleFadeEffect</include>
			<itemlayout condition="Container.Content(Albums)" height="60" width="920">
				<control type="image">
					<posx>0</posx>
					<posy>-2</posy>
					<width>860</width>
					<height>5</height>
					<texture>separator.png</texture>
				</control>
				<control type="label">
					<posx>30</posx>
					<posy>0</posy>
					<width>740</width>
					<height>60</height>
					<font>font24_title</font>
					<align>left</align>
					<aligny>center</aligny>
					<textcolor>white</textcolor>
					<label>([B]$INFO[ListItem.TrackNumber][/B]) - $INFO[ListItem.Label]</label>
				</control>
				<control type="label">
					<posx>740</posx>
					<posy>0</posy>
					<width>100</width>
					<height>60</height>
					<font>font24_title</font>
					<align>right</align>
					<aligny>center</aligny>
					<textcolor>white</textcolor>
					<label>$INFO[ListItem.Duration]</label>
				</control>
			</itemlayout>
			<focusedlayout condition="Container.Content(Albums)" height="60" width="920">
				<control type="image">
					<posx>0</posx>
					<posy>-2</posy>
					<width>860</width>
					<height>5</height>
					<texture>separator.png</texture>
				</control>
				<control type="label">
					<posx>30</posx>
					<posy>0</posy>
					<width>740</width>
					<height>60</height>
					<font>font24_title</font>
					<align>left</align>
					<aligny>center</aligny>
					<textcolor>white</textcolor>
					<label>([B]$INFO[ListItem.TrackNumber][/B]) - $INFO[ListItem.Label]</label>
				</control>
				<control type="label">
					<posx>740</posx>
					<posy>0</posy>
					<width>100</width>
					<height>60</height>
					<font>font24_title</font>
					<align>right</align>
					<aligny>center</aligny>
					<textcolor>white</textcolor>
					<label>$INFO[ListItem.Duration]</label>
				</control>
			</focusedlayout>
			<itemlayout condition="Container.Content(Artists)" height="260" width="250">
				<control type="image">
					<posx>10</posx>
					<posy>0</posy>
					<width>230</width>
					<height>230</height>
					<texture>$INFO[ListItem.Icon]</texture>
					<bordertexture border="8">ThumbShadow.png</bordertexture>
					<bordersize>8</bordersize>
				</control>
				<control type="label">
					<posx>125</posx>
					<posy>230</posy>
					<width>230</width>
					<height>30</height>
					<font>font24_title</font>
					<align>center</align>
					<aligny>center</aligny>
					<textcolor>white</textcolor>
					<label>$INFO[ListItem.Label]</label>
				</control>
			</itemlayout>
			<focusedlayout condition="Container.Content(Artists)" height="260" width="250">
				<control type="image">
					<posx>10</posx>
					<posy>0</posy>
					<width>230</width>
					<height>230</height>
					<texture>$INFO[ListItem.Icon]</texture>
					<bordertexture border="8">ThumbShadow.png</bordertexture>
					<bordersize>8</bordersize>
				</control>
				<control type="label">
					<posx>125</posx>
					<posy>230</posy>
					<width>230</width>
					<height>30</height>
					<font>font24_title</font>
					<align>center</align>
					<aligny>center</aligny>
					<textcolor>white</textcolor>
					<label>$INFO[ListItem.Label]</label>
				</control>
			</focusedlayout>
		</control>
		<control type="label">
			<posx>880</posx>
			<posy>640</posy>
			<width>120</width>
			<height>30</height>
			<font>font23</font>
			<textcolor>white</textcolor>
			<scroll>true</scroll>
			<align>right</align>
			<aligny>center</aligny>
			<label>$INFO[Container(50).CurrentPage, ( $LOCALIZE[31024] ]$INFO[Container(50).NumPages,/, )]</label>
			<visible>Control.IsVisible(50)</visible>
		</control>
	</control> -->
	
<!-- Music Info -->
<!--<control type="group">
		<visible>!container.content(Artists) + !container.content(Albums)</visible>
			<control type="label">
				<description>Song Title value</description>
				<posx>40</posx>
				<posy>80</posy>
				<width>960</width>
				<height>30</height>
				<align>center</align>
				<aligny>center</aligny>
				<font>font24_title</font>
				<label>[B]$INFO[ListItem.Title][/B]</label>
				<textcolor>white</textcolor>
				<scroll>true</scroll>
			</control>
			<control type="image">
				<posx>20</posx>
				<posy>140</posy>
				<width>250</width>
				<height>250</height>
				<aspectratio aligny="bottom">keep</aspectratio>
				<texture>$INFO[ListItem.Icon]</texture>
				<bordertexture border="8">ThumbShadow.png</bordertexture>
				<bordersize>8</bordersize>
			</control>
			<control type="group">
				<posx>280</posx>
				<posy>140</posy>
				<control type="label">
					<description>Artist Title</description>
					<posx>150</posx>
					<posy>0</posy>
					<width>180</width>
					<height>25</height>
					<align>right</align>
					<aligny>center</aligny>
					<font>font24_title</font>
					<textcolor>white</textcolor>
					<label>$LOCALIZE[557]:</label>
				</control>
				<control type="fadelabel">
					<description>Artist Value</description>
					<posx>190</posx>
					<posy>0</posy>
					<width>520</width>
					<height>25</height>
					<align>left</align>
					<aligny>center</aligny>
					<font>font24_title</font>
					<textcolor>white</textcolor>
					<label fallback="161">$INFO[ListItem.Artist]</label>
				</control>
				<control type="label">
					<description>Album Title</description>
					<posx>150</posx>
					<posy>30</posy>
					<width>180</width>
					<height>25</height>
					<align>right</align>
					<aligny>center</aligny>
					<font>font24_title</font>
					<textcolor>white</textcolor>
					<label>$LOCALIZE[558]:</label>
				</control>
				<control type="fadelabel">
					<description>Album Value</description>
					<posx>190</posx>
					<posy>30</posy>
					<width>435</width>
					<height>25</height>
					<align>left</align>
					<aligny>center</aligny>
					<font>font24_title</font>
					<textcolor>white</textcolor>
					<label fallback="161">$INFO[ListItem.Album]$INFO[listitem.discnumber, - $LOCALIZE[427] ]</label>
				</control>
				<control type="label">
					<description>Genre Title</description>
					<posx>150</posx>
					<posy>60</posy>
					<width>180</width>
					<height>25</height>
					<align>right</align>
					<aligny>center</aligny>
					<font>font24_title</font>
					<textcolor>white</textcolor>
					<label>$LOCALIZE[515]:</label>
				</control>
				<control type="fadelabel">
					<description>Genre Value</description>
					<posx>190</posx>
					<posy>60</posy>
					<width>520</width>
					<height>25</height>
					<align>left</align>
					<aligny>center</aligny>
					<font>font24_title</font>
					<textcolor>white</textcolor>
					<label fallback="161">$INFO[ListItem.Genre]</label>
				</control>
				<control type="label">
					<description>Year Title</description>
					<posx>150</posx>
					<posy>90</posy>
					<width>180</width>
					<height>25</height>
					<align>right</align>
					<aligny>center</aligny>
					<font>font24_title</font>
					<textcolor>white</textcolor>
					<label>$LOCALIZE[562]:</label>
				</control>
				<control type="fadelabel">
					<description>Year Value</description>
					<posx>190</posx>
					<posy>90</posy>
					<width>520</width>
					<height>25</height>
					<align>left</align>
					<aligny>center</aligny>
					<font>font24_title</font>
					<textcolor>white</textcolor>
					<label fallback="161">$INFO[ListItem.Year]</label>
				</control>
				<control type="label">
					<description>Track Number Title</description>
					<posx>150</posx>
					<posy>120</posy>
					<width>180</width>
					<height>25</height>
					<align>right</align>
					<aligny>center</aligny>
					<font>font24_title</font>
					<textcolor>white</textcolor>
					<label>$LOCALIZE[554]:</label>
				</control>
				<control type="fadelabel">
					<description>Track Number Value</description>
					<posx>190</posx>
					<posy>120</posy>
					<width>520</width>
					<height>25</height>
					<align>left</align>
					<aligny>center</aligny>
					<font>font24_title</font>
					<textcolor>white</textcolor>
					<label fallback="161">$INFO[ListItem.TrackNumber]</label>
				</control>
				<control type="label">
					<description>Rating Title</description>
					<posx>150</posx>
					<posy>150</posy>
					<width>180</width>
					<height>25</height>
					<align>right</align>
					<aligny>center</aligny>
					<font>font24_title</font>
					<textcolor>white</textcolor>
					<label>$LOCALIZE[563]:</label>
				</control>
				<control type="group">
					<posx>190</posx>
					<posy>140</posy>
					<control type="image">
						<description>Rating value</description>
						<posx>0</posx>
						<posy>2</posy>
						<width>200</width>
						<height>40</height>
						<aspectratio align="left">keep</aspectratio>
						<texture fallback="dark/left_rating/rating0.png">$INFO[ListItem.RatingAndVotes,dark/left_rating/]</texture>
					</control>
				</control>
				<control type="label">
					<description>Comment Title</description>
					<posx>150</posx>
					<posy>200</posy>
					<width>180</width>
					<height>25</height>
					<align>right</align>
					<aligny>center</aligny>
					<font>font24_title</font>
					<textcolor>white</textcolor>
					<label>$LOCALIZE[569]:</label>
				</control>
				<control type="textbox">
					<description>Comment value</description>
					<posx>190</posx>
					<posy>195</posy>
					<width>520</width>
					<height>100</height>
					<font>font23</font>
					<textcolor>white</textcolor>
					<pagecontrol></pagecontrol>
					<label fallback="161">$INFO[ListItem.Comment]</label>
				</control>
			</control>
	</control> -->
	
	
		<control type="group">
			<visible>Container.Content(Songs)</visible>
			<posy>70</posy>
			<posx>20</posx>
			<include>VisibleFadeEffect</include>
			<control type="list" id="49">
				<posx>0</posx>
				<posy>0</posy>
				<width>880</width>
				<height>730</height>
				<onleft>49</onleft>
				<onright>49</onright>
				<onup>9000</onup>
				<ondown>61</ondown>
				<pagecontrol>60</pagecontrol>
				<scrolltime>200</scrolltime>
				<itemlayout height="30">
					<control type="label">
						<posx>0</posx>
						<posy>0</posy>
						<width>200</width>
						<height>30</height>
						<font>font24_title</font>
						<align>right</align>
						<aligny>center</aligny>
						<selectedcolor>selected</selectedcolor>
						<label>$INFO[ListItem.Label]</label>
					</control>
					<control type="label">
						<posx>210</posx>
						<posy>0</posy>
						<width>670</width>
						<height>30</height>
						<font>font24</font>
						<align>left</align>
						<aligny>center</aligny>
						<selectedcolor>white</selectedcolor>
						<label>$INFO[ListItem.Label2]</label>
					</control>
				</itemlayout>
				<focusedlayout height="30">
					<control type="label">
						<posx>0</posx>
						<posy>0</posy>
						<width>200</width>
						<height>30</height>
						<font>font24_title</font>
						<align>right</align>
						<aligny>center</aligny>
						<selectedcolor>selected</selectedcolor>
						<label>$INFO[ListItem.Label]</label>
					</control>
					<control type="label">
						<posx>210</posx>
						<posy>0</posy>
						<width>670</width>
						<height>30</height>
						<font>font24</font>
						<align>left</align>
						<aligny>center</aligny>
						<selectedcolor>white</selectedcolor>
						<label>$INFO[ListItem.Label2]</label>
					</control>
				</focusedlayout>
				<content>
					<item>
						<label>$LOCALIZE[557]:</label>
						<label2>$INFO[ListItem.Artist]</label2>
						
						<visible>!String.IsEmpty(ListItem.Artist)</visible>
					</item>
					<item>
						<label>$LOCALIZE[558]:</label>
						<label2>$INFO[ListItem.Album]$INFO[listitem.discnumber, - $LOCALIZE[427] ]</label2>
						
						<visible>!String.IsEmpty(ListItem.Album)</visible>
					</item>
					<item>
						<label>$LOCALIZE[515]:</label>
						<label2>$INFO[ListItem.Genre]</label2>
						
						<visible>!String.IsEmpty(ListItem.Genre)</visible>
					</item>
					<item>
						<label>$LOCALIZE[175]:</label>
						<label2>$INFO[ListItem.Mood]</label2>
						
						<visible>!String.IsEmpty(ListItem.Mood)</visible>
					</item>
					<item>
						<label>$LOCALIZE[562]:</label>
						<label2>$INFO[ListItem.Year]</label2>
						
						<visible>!String.IsEmpty(ListItem.Year)</visible>
					</item>
					<item>
						<label>$LOCALIZE[554]:</label>
						<label2>$INFO[ListItem.TrackNumber]</label2>
						
						<visible>!String.IsEmpty(ListItem.TrackNumber)</visible>
					</item>
					<item>
						<label>$LOCALIZE[563]:</label>
						<label2>$INFO[ListItem.RatingAndVotes]</label2>
						
						<visible>!String.IsEmpty(ListItem.RatingAndVotes)</visible>
					</item>
					<item>
						<label>$LOCALIZE[38018]:</label>
						<label2>$INFO[ListItem.Userrating]</label2>
						
						<visible>!String.IsEmpty(ListItem.Userrating)</visible>
					</item>
					<item>
						<label>$LOCALIZE[29903]:</label>
						<label2>$INFO[ListItem.Property(Role.Composer)]</label2>
						
						<visible>!String.IsEmpty(ListItem.Property(Role.Composer))</visible>
					</item>
					<item>
						<label>$LOCALIZE[29905]:</label>
						<label2>$INFO[ListItem.Property(Role.Conductor)]</label2>
						
						<visible>!String.IsEmpty(ListItem.Property(Role.Conductor))</visible>
					</item>
					<item>
						<label>$LOCALIZE[38034]:</label>
						<label2>$INFO[ListItem.Property(Role.Orchestra)]</label2>
						
						<visible>!String.IsEmpty(ListItem.Property(Role.Orchestra))</visible>
					</item>
					<item>
						<label>$LOCALIZE[38035]:</label>
						<label2>$INFO[ListItem.Property(Role.Lyricist)]</label2>
						
						<visible>!String.IsEmpty(ListItem.Property(Role.Lyricist))</visible>
					</item>
					<item>
						<label>$LOCALIZE[38036]:</label>
						<label2>$INFO[ListItem.Property(Role.Remixer)]</label2>
						
						<visible>!String.IsEmpty(ListItem.Property(Role.Remixer))</visible>
					</item>
					<item>
						<label>$LOCALIZE[38037]:</label>
						<label2>$INFO[ListItem.Property(Role.Arranger)]</label2>
						
						<visible>!String.IsEmpty(ListItem.Property(Role.Arranger))</visible>
					</item>
					<item>
						<label>$LOCALIZE[38038]:</label>
						<label2>$INFO[ListItem.Property(Role.Engineer)]</label2>
						
						<visible>!String.IsEmpty(ListItem.Property(Role.Engineer))</visible>
					</item>
					<item>
						<label>$LOCALIZE[38039]:</label>
						<label2>$INFO[ListItem.Property(Role.Producer)]</label2>
						
						<visible>!String.IsEmpty(ListItem.Property(Role.Producer))</visible>
					</item>
					<item>
						<label>$LOCALIZE[38040]:</label>
						<label2>$INFO[ListItem.Property(Role.DJMixer)]</label2>
						
						<visible>!String.IsEmpty(ListItem.Property(Role.DJMixer))</visible>
					</item>
					<item>
						<label>$LOCALIZE[38041]:</label>
						<label2>$INFO[ListItem.Property(Role.Mixer)]</label2>
						
						<visible>!String.IsEmpty(ListItem.Property(Role.Mixer))</visible>
					</item>
				</content>
			</control>
		</control>
		<control type="group">
			<visible>Container.Content(Albums) + !Control.IsVisible(50)</visible>
			<posy>70</posy>
			<posx>20</posx>
			<include>VisibleFadeEffect</include>
			<control type="image">
				<posx>0</posx>
				<posy>0</posy>
				<width>260</width>
				<height>360</height>
				<aspectratio>keep</aspectratio>
				<texture background="true">$INFO[ListItem.Icon]</texture>
			</control>
			<control type="textbox">
				<description>Description Value for Albums</description>
				<posx>280</posx>
				<posy>0</posy>
				<width>570</width>
				<height>325</height>
				<font>font24</font>
				<pagecontrol>60</pagecontrol>
				<label>$INFO[ListItem.Property(Album_Description)]</label>
			</control>
			<control type="image">
				<posx>0</posx>
				<posy>340</posy>
				<width>880</width>
				<height>2</height>
				<texture border="2">separator.png</texture>
			</control>
			<control type="list" id="49">
				<posx>0</posx>
				<posy>350</posy>
				<width>960</width>
				<height>330</height>
				<onleft>49</onleft>
				<onright>49</onright>
				<onup>9000</onup>
				<ondown>61</ondown>
				<pagecontrol></pagecontrol>
				<scrolltime>200</scrolltime>
				<pagecontrol>60</pagecontrol>
				<itemlayout height="30">
					<control type="label">
						<posx>0</posx>
						<posy>0</posy>
						<width>200</width>
						<height>30</height>
						<font>font24_title</font>
						<align>right</align>
						<aligny>center</aligny>
						<selectedcolor>selected</selectedcolor>
						<label>$INFO[ListItem.Label]</label>
					</control>
					<control type="label">
						<posx>210</posx>
						<posy>0</posy>
						<width>670</width>
						<height>30</height>
						<font>font24</font>
						<align>left</align>
						<aligny>center</aligny>
						<selectedcolor>selected</selectedcolor>
						<label>$INFO[ListItem.Label2]</label>
					</control>
				</itemlayout>
				<focusedlayout height="30">
					<control type="label">
						<posx>0</posx>
						<posy>0</posy>
						<width>200</width>
						<height>30</height>
						<font>font24_title</font>
						<align>right</align>
						<aligny>center</aligny>
						<selectedcolor>selected</selectedcolor>
						<label>$INFO[ListItem.Label]</label>
					</control>
					<control type="label">
						<posx>210</posx>
						<posy>0</posy>
						<width>670</width>
						<height>30</height>
						<font>font24</font>
						<align>left</align>
						<aligny>center</aligny>
						<selectedcolor>selected</selectedcolor>
						<label>$INFO[ListItem.Label2]</label>
					</control>
				</focusedlayout>
				<content>
					<item>
						<label>$LOCALIZE[557]:</label>
						<label2>$INFO[ListItem.Artist]</label2>
						
						<visible>!String.IsEmpty(ListItem.Artist)</visible>
					</item>
					<item>
						<label>$LOCALIZE[515]:</label>
						<label2>$INFO[ListItem.Genre]</label2>
						
						<visible>!String.IsEmpty(ListItem.Genre)</visible>
					</item>
					<item>
						<label>$LOCALIZE[563]:</label>
						<label2>$INFO[ListItem.Rating]</label2>
						
						<visible>!String.IsEmpty(ListItem.Rating)</visible>
					</item>
					<item>
						<label>$LOCALIZE[175]:</label>
						<label2>$INFO[ListItem.Property(Album_Mood)]</label2>
						
						<visible>!String.IsEmpty(ListItem.Property(Album_Mood))</visible>
					</item>
					<item>
						<label>$LOCALIZE[176]:</label>
						<label2>$INFO[ListItem.Property(Album_Style)]</label2>
						
						<visible>!String.IsEmpty(ListItem.Property(Album_Style))</visible>
					</item>
					<item>
						<label>$LOCALIZE[21895]:</label>
						<label2>$INFO[ListItem.Property(Album_Theme)]</label2>
						
						<visible>!String.IsEmpty(ListItem.Property(Album_Theme))</visible>
					</item>
					<item>
						<label>$LOCALIZE[21899]:</label>
						<label2>$INFO[ListItem.Property(Album_Label)]</label2>
						
						<visible>!String.IsEmpty(ListItem.Property(Album_Label))</visible>
					</item>
					<item>
						<label>$LOCALIZE[562]:</label>
						<label2>$INFO[ListItem.Year]</label2>
						
						<visible>!String.IsEmpty(ListItem.Year)</visible>
					</item>
				</content>
			</control>
		</control>
		<control type="group">
			<visible>Container.Content(Artists) + !Control.IsVisible(50)</visible>
			<posy>70</posy>
			<posx>20</posx>
			<include>VisibleFadeEffect</include>
			<control type="image">
				<posx>0</posx>
				<posy>0</posy>
				<width>260</width>
				<height>360</height>
				<aspectratio>keep</aspectratio>
				<texture background="true">$INFO[ListItem.Icon]</texture>
			</control>
			<control type="textbox">
				<description>Description Value for Artists</description>
				<posx>280</posx>
				<posy>0</posy>
				<width>570</width>
				<height>325</height>
				<font>font20</font>
				<pagecontrol>60</pagecontrol>
				<label>$INFO[ListItem.Property(Artist_Description)]</label>
			</control>
			<control type="image">
				<posx>0</posx>
				<posy>340</posy>
				<width>880</width>
				<height>2</height>
				<texture border="2">separator.png</texture>
			</control>
			<control type="list" id="49">
				<posx>0</posx>
				<posy>350</posy>
				<width>960</width>
				<height>330</height>
				<onleft>49</onleft>
				<onright>49</onright>
				<onup>9000</onup>
				<ondown>61</ondown>
				<pagecontrol>60</pagecontrol>
				<scrolltime>200</scrolltime>
				<itemlayout height="30">
					<control type="label">
						<posx>0</posx>
						<posy>0</posy>
						<width>200</width>
						<height>30</height>
						<font>font24_title</font>
						<align>right</align>
						<aligny>center</aligny>
						<selectedcolor>selected</selectedcolor>
						<label>$INFO[ListItem.Label]</label>
					</control>
					<control type="label">
						<posx>210</posx>
						<posy>0</posy>
						<width>670</width>
						<height>30</height>
						<font>font24</font>
						<align>left</align>
						<aligny>center</aligny>
						<selectedcolor>white</selectedcolor>
						<label>$INFO[ListItem.Label2]</label>
					</control>
				</itemlayout>
				<focusedlayout height="30">
					<control type="label">
						<posx>0</posx>
						<posy>0</posy>
						<width>200</width>
						<height>30</height>
						<font>font24_title</font>
						<align>right</align>
						<aligny>center</aligny>
						<selectedcolor>selected</selectedcolor>
						<label>$INFO[ListItem.Label]</label>
					</control>
					<control type="label">
						<posx>210</posx>
						<posy>0</posy>
						<width>670</width>
						<height>30</height>
						<font>font24</font>
						<align>left</align>
						<aligny>center</aligny>
						<selectedcolor>white</selectedcolor>
						<label>$INFO[ListItem.Label2]</label>
					</control>
				</focusedlayout>
				<content>
					<item>
						<label>$LOCALIZE[21893]:</label>
						<label2>$INFO[ListItem.Property(Artist_Born)]</label2>
						
						<visible>!String.IsEmpty(ListItem.Property(Artist_Born))</visible>
					</item>
					<item>
						<label>$LOCALIZE[21894]:</label>
						<label2>$INFO[ListItem.Property(Artist_Formed)]</label2>
						
						<visible>!String.IsEmpty(ListItem.Property(Artist_Formed))</visible>
					</item>
					<item>
						<label>$LOCALIZE[515]:</label>
						<label2>$INFO[ListItem.Genre]</label2>
						
						<visible>!String.IsEmpty(ListItem.Genre)</visible>
					</item>
					<item>
						<label>$LOCALIZE[175]:</label>
						<label2>$INFO[ListItem.Property(Artist_Mood)]</label2>
						
						<visible>!String.IsEmpty(ListItem.Property(Artist_Mood))</visible>
					</item>
					<item>
						<label>$LOCALIZE[176]:</label>
						<label2>$INFO[ListItem.Property(Artist_Style)]</label2>
						
						<visible>!String.IsEmpty(ListItem.Property(Artist_Style))</visible>
					</item>
					<item>
						<label>$LOCALIZE[21897]:</label>
						<label2>$INFO[ListItem.Property(Artist_Died)]</label2>
						
						<visible>!String.IsEmpty(ListItem.Property(Artist_Died))</visible>
					</item>
					<item>
						<label>$LOCALIZE[21896]:</label>
						<label2>$INFO[ListItem.Property(Artist_Disbanded)]</label2>
						
						<visible>!String.IsEmpty(ListItem.Property(Artist_Disbanded))</visible>
					</item>
					<item>
						<label>$LOCALIZE[21898]:</label>
						<label2>$INFO[ListItem.Property(Artist_YearsActive)]</label2>
						
						<visible>!String.IsEmpty(ListItem.Property(Artist_YearsActive))</visible>
					</item>
				</content>
			</control>
		</control>
		<control type="panel" id="50">
			<posx>0</posx>
			<posy>85</posy>
			<width>880</width>
			<height>520</height>
			<onup>50</onup>
			<onleft>50</onleft>
			<onright>50</onright>
			<ondown>50</ondown>
			<pagecontrol>61</pagecontrol>
			<scrolltime>200</scrolltime>
			<include>VisibleFadeEffect</include>
			<visible>[Container.Content(Artists) + !String.IsEmpty(Window.Property(ShowAlbumList))] | [Container.Content(Albums) + !String.IsEmpty(Window.Property(ShowSongList))]</visible>
			<itemlayout condition="Container.Content(Albums)" height="60" width="1000">
				<control type="image">
					<posx>0</posx>
					<posy>0</posy>
					<width>880</width>
					<height>60</height>
					<texture>MenuItemNF.png</texture>
				</control>
				<control type="label">
					<posx>30</posx>
					<posy>0</posy>
					<width>780</width>
					<height>60</height>
					<font>font28</font>
					<align>left</align>
					<aligny>center</aligny>
					<label>([B]$INFO[ListItem.TrackNumber][/B]) - $INFO[ListItem.Label]</label>
				</control>
				<control type="label">
					<posx>750</posx>
					<posy>0</posy>
					<width>110</width>
					<height>60</height>
					<font>font28</font>
					<align>right</align>
					<aligny>center</aligny>
					<label>$INFO[ListItem.Duration]</label>
				</control>
			</itemlayout>
			<focusedlayout condition="Container.Content(Albums)" height="60" width="700">
				<control type="image">
					<posx>0</posx>
					<posy>0</posy>
					<width>880</width>
					<height>60</height>
					<texture>MenuItemNF.png</texture>
				</control>
				<control type="label">
					<posx>30</posx>
					<posy>0</posy>
					<width>780</width>
					<height>60</height>
					<font>font28</font>
					<align>left</align>
					<aligny>center</aligny>
					<label>([B]$INFO[ListItem.TrackNumber][/B]) - $INFO[ListItem.Label]</label>
				</control>
				<control type="label">
					<posx>750</posx>
					<posy>0</posy>
					<width>110</width>
					<height>60</height>
					<font>font28</font>
					<align>right</align>
					<aligny>center</aligny>
					<label>$INFO[ListItem.Duration]</label>
				</control>
			</focusedlayout>
			<itemlayout condition="Container.Content(Artists)" height="330" width="333">
				<control type="image">
					<posx>26</posx>
					<posy>15</posy>
					<width>280</width>
					<height>280</height>
					<texture>$INFO[ListItem.Icon]</texture>
					<aspectratio>stretch</aspectratio>
				</control>
				<control type="label">
					<posx>15</posx>
					<posy>285</posy>
					<width>303</width>
					<height>40</height>
					<font>font28</font>
					<align>center</align>
					<aligny>center</aligny>
					<label>$INFO[ListItem.Label]</label>
				</control>
			</itemlayout>
			<focusedlayout condition="Container.Content(Artists)" height="330" width="333">
				<control type="image">
					<posx>26</posx>
					<posy>15</posy>
					<width>280</width>
					<height>280</height>
					<texture>$INFO[ListItem.Icon]</texture>
					<aspectratio>stretch</aspectratio>
				</control>
				<control type="image">
					<posx>5</posx>
					<posy>5</posy>
					<width>323</width>
					<height>320</height>
					<texture border="5">thumb_focus.png</texture>
				</control>
				<control type="label">
					<posx>15</posx>
					<posy>285</posy>
					<width>303</width>
					<height>40</height>
					<font>font28</font>
					<align>center</align>
					<aligny>center</aligny>
					<label>$INFO[ListItem.Label]</label>
				</control>
			</focusedlayout>
		</control>
	
	

<!-- Button Area -->
	<control type="grouplist" id="9000">
				<posx>0</posx>
				<posy>620</posy>
				<width>900</width>
				<height>60</height>
				<itemgap>10</itemgap>
				<align>center</align>
				<orientation>horizontal</orientation>
				<onleft>9000</onleft>
				<onright>9000</onright>
				<onup>50</onup>
				<ondown>49</ondown>
					<control type="button" id="6">
  						<description>Refresh</description>
  						<include>ButtonInfoDialogsCommonValues2</include>
						<label></label>
  					</control>
  					<control type="button" id="10">
  						<description>Get Thumb</description>
  						<include>ButtonInfoDialogsCommonValues2</include>
						<label></label>
  					</control>
  					<control type="button" id="12">
  						<description>Get Fanart / Album info</description>
  						<include>ButtonInfoDialogsCommonValues2</include>
 						<label></label>
  					</control>
<!--				<control type="button" id="7">
  						<description>Set my rating</description>
  						<include>ButtonInfoDialogsCommonValues2</include>
 						<label></label>
  					</control> -->
					<control type="togglebutton" id="900">
						<description>list / info button</description>
						<include>ButtonInfoDialogsCommonValues2</include>
						<alttexturefocus>menuitem_black_f.png</alttexturefocus>
						<alttexturenofocus>menuitem_black2_nf.png</alttexturenofocus>
						<label>21888</label>
						<altlabel>19033</altlabel>
						<usealttexture>!String.IsEmpty(Window.Property(ShowAlbumList))</usealttexture>
						<onclick condition="String.IsEmpty(Window.Property(ShowAlbumList))">SetProperty(ShowAlbumList, show)</onclick>
						<onclick condition="!String.IsEmpty(Window.Property(ShowAlbumList))">ClearProperty(ShowAlbumList)</onclick>
						<visible>Container.Content(Artists)</visible>
					</control>
					<control type="togglebutton" id="900">
						<description>list / info button</description>
						<include>ButtonInfoDialogsCommonValues2</include>
						<alttexturefocus>menuitem_black_f.png</alttexturefocus>
						<alttexturenofocus>menuitem_black2_nf.png</alttexturenofocus>
						<label>182</label>
						<altlabel>19033</altlabel>
						<usealttexture>!String.IsEmpty(Window.Property(ShowSongList))</usealttexture>
						<onclick condition="String.IsEmpty(Window.Property(ShowSongList))">SetProperty(ShowSongList, show)</onclick>
						<onclick condition="!String.IsEmpty(Window.Property(ShowSongList))">ClearProperty(ShowSongList)</onclick>
						<visible>Container.Content(Albums)</visible>
					</control>
  		</control>

<!-- Scrollbar -->
		<control type="scrollbar" id="60">
			<visible>!Skin.HasSetting(ScrollbarBold) + Control.IsVisible(49) + !Control.IsVisible(50)</visible>
			<posx>885</posx>
			<posy>60</posy>
			<width>29</width>
			<height>343</height>
			<texturesliderbackground border="0,14,0,14">ScrollBarV.png</texturesliderbackground>
			<texturesliderbar border="2,16,2,16">osdslidernib.png</texturesliderbar>
			<texturesliderbarfocus border="2,16,2,16">osdslidernib.png</texturesliderbarfocus>
			<textureslidernib></textureslidernib>
			<textureslidernibfocus></textureslidernibfocus>
			<onleft></onleft>
			<ondown>60</ondown>
			<onup>60</onup>
			<onright>9000</onright>
			<showonepage>false</showonepage>
			<orientation>vertical</orientation>
			<animation effect="fade" time="150">Visible</animation>
			<animation effect="fade" time="150">Hidden</animation>
		</control>
		<control type="scrollbar" id="60">
			<visible>Skin.HasSetting(ScrollbarBold) + Control.IsVisible(49) + !Control.IsVisible(50)</visible>
			<posx>880</posx>
			<posy>60</posy>
			<width>40</width>
			<height>343</height>
			<texturesliderbackground colordiffuse="$VAR[CustomColorNofocus]">scrollbarv_bar_bold2.png</texturesliderbackground>
			<texturesliderbar colordiffuse="$VAR[CustomColorNofocus]">osdsliderbar_square.png</texturesliderbar>
			<texturesliderbarfocus colordiffuse="$VAR[CustomColorFocus]">osdsliderbar_square.png</texturesliderbarfocus>
			<textureslidernib colordiffuse="$VAR[CustomColorNofocus]">osdslidernib_square.png</textureslidernib>
			<textureslidernibfocus colordiffuse="$VAR[CustomColorFocus]">osdslidernib_square.png</textureslidernibfocus>
			<onleft></onleft>
			<ondown>60</ondown>
			<onup>60</onup>
			<onright>9000</onright>
			<showonepage>false</showonepage>
			<orientation>vertical</orientation>
			<animation effect="fade" time="150">Visible</animation>
			<animation effect="fade" time="150">Hidden</animation>
		</control>
		<control type="scrollbar" id="61">
			<visible>!Skin.HasSetting(ScrollbarBold) + Control.IsVisible(50)</visible>
			<posx>885</posx>
			<posy>80</posy>
			<width>29</width>
			<height>530</height>
			<texturesliderbackground border="0,14,0,14">ScrollBarV.png</texturesliderbackground>
			<texturesliderbar border="2,16,2,16">osdslidernib.png</texturesliderbar>
			<texturesliderbarfocus border="2,16,2,16">osdslidernib.png</texturesliderbarfocus>
			<textureslidernib></textureslidernib>
			<textureslidernibfocus></textureslidernibfocus>
			<ondown>61</ondown>
			<onup>61</onup>
			<onright>9000</onright>
			<showonepage>false</showonepage>
			<orientation>vertical</orientation>
			<animation effect="fade" time="150">Visible</animation>
			<animation effect="fade" time="150">Hidden</animation>
		</control>
		<control type="scrollbar" id="61">
			<visible>Skin.HasSetting(ScrollbarBold) + Control.IsVisible(50)</visible>
			<posx>880</posx>
			<posy>80</posy>
			<width>40</width>
			<height>530</height>
			<texturesliderbackground colordiffuse="$VAR[CustomColorNofocus]">scrollbarv_bar_bold2.png</texturesliderbackground>
			<texturesliderbar colordiffuse="$VAR[CustomColorNofocus]">osdsliderbar_square.png</texturesliderbar>
			<texturesliderbarfocus colordiffuse="$VAR[CustomColorFocus]">osdsliderbar_square.png</texturesliderbarfocus>
			<textureslidernib colordiffuse="$VAR[CustomColorNofocus]">osdslidernib_square.png</textureslidernib>
			<textureslidernibfocus colordiffuse="$VAR[CustomColorFocus]">osdslidernib_square.png</textureslidernibfocus>
			<ondown>61</ondown>
			<onup>61</onup>
			<onright>9000</onright>
			<showonepage>false</showonepage>
			<orientation>vertical</orientation>
			<animation effect="fade" time="150">Visible</animation>
			<animation effect="fade" time="150">Hidden</animation>
		</control>

	</controls>
</window>