<?xml version="1.0" encoding="UTF-8"?>
<window type="dialog" id="120">
	<defaultcontrol always="true">50</defaultcontrol>
	<include>dialogeffect</include>
	<views>50,500</views>
	<onunload>Skin.Reset(MediaSubMenuVisible2)</onunload>
	<coordinates>
		<system>1</system>
		<posx>0</posx>
		<posy>0</posy>
	</coordinates>
	<controls>
		<!-- removed allowoverlay -->
		<include>CommonBackground</include>
		<include>PlayerControlCommons</include>
<!-- 
		<include>HomeButtonCommons</include>
 -->
	   	<include>VolumeOverlay</include>
	</controls>
</window>