<window id="2006">
	<defaultcontrol>9002</defaultcontrol>
	<onunload>Skin.SetString(VisName,$INFO[Visualisation.Name])</onunload>
	<!-- removed allowoverlay -->
	<backgroundcolor>0</backgroundcolor>
	<controls>
		<control type="image">
			<posx>0</posx>
			<posy>0</posy>
			<width>ScreenWidth</width>
			<height>ScreenHeight</height>
			<visible>Skin.HasSetting(UseVisBgFull)</visible>
			<texture>$INFO[Skin.String(CustomVisBgFullPath)]</texture> 
		</control>  
		<control type="image">
			<posx>0</posx>
			<posy>0</posy>
			<width>ScreenWidth</width>
			<height>ScreenHeight</height>
			<visible>!Skin.HasSetting(UseVisBgFull)</visible>
			<texture>$INFO[Skin.String(CustomBackgroundPath)]</texture> 
		</control>  

<!-- Fanart -->
<!-- 
		<control type="image">
			<description>fanart</description>
			<posx>0</posx>
			<posy>0</posy>
			<width>screenwidth</width>
			<height>screenheight</height>
			<texture background="true">$INFO[Skin.String(CustomFanartPath)]$INFO[MusicPlayer.Artist]/fanart.jpg</texture>
			<aspectratio>scale</aspectratio>
		</control>
 -->


<!-- Extrafanart slideshow -->
<!-- 
		<control type="multiimage">
			<description>Fanart slideshow</description>
			<left>0</left>
			<top>0</top>
			<width>screenwidth</width>
			<height>screenheight</height>
			<imagepath background="true">$INFO[Skin.String(CustomFanartPath)]$INFO[MusicPlayer.Artist]/extrafanart/</imagepath>
			<info></info>
			<timeperimage>5000</timeperimage>
			<fadetime>2000</fadetime>
			<pauseatend>10000</pauseatend>
			<randomize>true</randomize>
			<loop>yes</loop>
			<aspectratio>scale</aspectratio>
		</control>
 -->
<!-- Cover -->
		<control type="group">
			<description>Cover in Background</description>
			<visible>Skin.HasSetting(ShowCoverOnVisFull) + !Window.IsVisible(120)</visible>
			<include>VisibleFadeEffect</include>
			<posx>415</posx>
			<posy>92</posy>
			<control type="image">
				<description>cover image</description>
				<posx>0</posx>
				<posy>0</posy>
				<width>450</width>
				<height>450</height>
				<texture colordiffuse="CCFFFFFF">$INFO[MusicPlayer.Cover]</texture>
			</control>
			<control type="image">
				<description>cover image</description>
				<posx>0</posx>
				<posy>455</posy>
				<width>450</width>
				<height>450</height>
				<texture flipy="true" diffuse="mask-gradient-v.png">$INFO[MusicPlayer.Cover]</texture>
			</control>
		</control> 

		<control type="progress">
			<description>Progressbar</description>
			<visible>Skin.HasSetting(ShowCoverOnVisFull) + !Window.IsVisible(120) + Skin.HasSetting(ShowProgressbarOnVisFull) + Player.HasDuration</visible>
			<posx>415</posx>
			<posy>538</posy>
			<width>450</width>
			<height>5</height>
			<info>Player.Progress</info>
			<texturebg border="2">HeaderProgressBack2.png</texturebg>
			<midtexture colordiffuse="$VAR[CustomColorNofocus]" border="2">headerprogressfrontwhite.png</midtexture>
		</control>


<!-- Visualisation -->
		<control type="visualisation" id="2">
			<description>visualisation</description>
			<posx>0</posx>
			<posy>0</posy>
			<width>ScreenWidth</width>
			<height>ScreenHeight</height>
		</control>
<!-- Info Next Track -->
		<include condition="Skin.HasSetting(ShowNextTrack) + Skin.String(ShowNextTrackDuration,5) + !Player.IsInternetStream">Visualization_NextTrack5</include>
		<include condition="Skin.HasSetting(ShowNextTrack) + Skin.String(ShowNextTrackDuration,15) + !Player.IsInternetStream">Visualization_NextTrack15</include>
		<include condition="Skin.HasSetting(ShowNextTrack) + Skin.String(ShowNextTrackDuration,30) + !Player.IsInternetStream">Visualization_NextTrack30</include>
		<include condition="Skin.HasSetting(ShowNextTrack) + Skin.String(ShowNextTrackDuration,60) + !Player.IsInternetStream">Visualization_NextTrack60</include>
		<include condition="Skin.HasSetting(ShowNextTrack) + Skin.String(ShowNextTrackDuration,always) + !Player.IsInternetStream">Visualization_NextTrackAlways</include>

<!-- codec & viz infos -->
		<control type="group" id="0">
			<posx>0</posx>
			<posy>50</posy>
			<visible>Player.ShowCodec + ![Window.IsVisible(script-XBMC_Lyrics-main.xml) | Window.IsVisible(VisualisationPresetList)]</visible>
			<animation effect="fade" time="200">VisibleChange</animation>
			<control type="image">
				<description>media info background image</description>
				<posx>0</posx>
				<posy>0</posy>
				<width>ScreenWidth</width>
				<height>105</height>
				<colordiffuse>AAFFFFFF</colordiffuse> 
				<texture>$INFO[Skin.String(CustomBackgroundPath)]</texture>  
			</control>
			<control type="label">
				<description>row 1 label</description>
				<posx>50</posx>
				<posy>10</posy>
				<label></label>
				<align>left</align>
				<label>$INFO[musicplayer.Codec,$LOCALIZE[21446]: ,]$INFO[musicplayer.Bitrate, · $LOCALIZE[623]: ,kbps]$INFO[musicplayer.bitspersample, · $LOCALIZE[612]: ,bit]$INFO[musicplayer.Samplerate, · $LOCALIZE[613]: ,kHz]$INFO[musicplayer.Channels, · $LOCALIZE[21444]: ]</label>
				<font>font16</font>
			</control>
			<control type="label">
				<description>row 2 label</description>
				<posx>50</posx>
				<posy>40</posy>
				<label></label>
				<align>left</align>
				<label>$INFO[Visualisation.Name] [I][COLOR=customcolor]($LOCALIZE[20166])[/COLOR][/I] · fps: $INFO[System.FPS]</label>
				<font>font16</font>
				<visible>Visualisation.Locked</visible>
			</control>
			<control type="label">
				<description>Unlocked row 2 label</description>
				<posx>50</posx>
				<posy>40</posy>
				<label></label>
				<align>left</align>
				<label>$INFO[Visualisation.Name] · fps: $INFO[System.FPS]</label>
				<font>font16</font>
				<visible>!Visualisation.Locked</visible>
			</control>
			<control type="label">
				<description>row 3 label</description>
				<posx>50</posx>
				<posy>70</posy>
				<label></label>
				<align>left</align>
				<label>$LOCALIZE[13388]: $INFO[Visualisation.Preset]</label>
				<font>font16</font>
			</control>
		</control>
		<!--<include>PlayerControlCommons</include>-->
		<include>CommonAudioVideoTitle</include>

	</controls>
</window>
