<?xml version="1.0" encoding="UTF-8"?>
<window type="dialog" id="1125">
	<defaultcontrol always="true">9009</defaultcontrol>
	<include>Window_OpenClose_Animation</include>
	<coordinates>
		<system>1</system>
		<posx>0</posx>
		<posy>0</posy>
	</coordinates>
	<controls>
<!-- Background -->
		<control type="image">
			<posx>20</posx>
			<posy>20</posy>
			<width>1240</width>
			<height>680</height>
			<texture border="5">dialog_back_black2.png</texture>
		</control>

<!-- App icons -->
		<control type="panel" id="9009">
			<posx>60</posx>
			<posy>40</posy>
			<width>1180</width>
			<height>660</height>
			<orientation>vertical</orientation>
			<pagecontrol>60</pagecontrol>
			<visible>true</visible>
			<itemgap>30</itemgap>
			<onup>Control.SetFocus(3006)</onup>
			<onleft>Control.Move(9004,-1)</onleft>
			<onright>Control.Move(9004,1)</onright>
			<ondown>Control.SetFocus(3036)</ondown>
			<itemlayout height="160" width="165">
				<control type="image">
					<onup>3006</onup>
					<ondown>3001</ondown>
					<posx>10</posx>
					<posy>10</posy>
					<width>140</width>
					<height>140</height>
					<bordersize>10</bordersize>
					<texture colordiffuse="$VAR[CustomColorNofocus]">$INFO[ListItem.Icon]</texture>
					<align>right</align>
				</control>
			</itemlayout>
			<focusedlayout height="160" width="165">
				<control type="image">
					<onup>3006</onup>
					<ondown>3001</ondown>
					<posx>10</posx>
					<posy>10</posy>
					<width>140</width>
					<height>140</height>
					<bordersize>10</bordersize>
					<texture colordiffuse="$VAR[CustomColorFocus]" border="5">$INFO[ListItem.Icon]</texture>
					<align>right</align>
				</control>  
				<control type="label">
					<posx>0</posx>
					<posy>135</posy>
					<width>160</width>
					<height>40</height>
					<font>font20_title</font>
					<align>center</align>
					<aligny>center</aligny>
					<textcolor>$VAR[CustomColorFocus]</textcolor>
					<label>$INFO[ListItem.Label]</label>
				</control>
			</focusedlayout>
			<content>
				<item id="3010">
					<visible>!String.IsEmpty(Skin.String(CustomMusicPath1)) | !String.IsEmpty(Skin.String(CustomMusicPath2)) | !String.IsEmpty(Skin.String(CustomMusicPath3)) | !String.IsEmpty(Skin.String(CustomMusicPath4)) | !String.IsEmpty(Skin.String(CustomMusicPath5)) | !String.IsEmpty(Skin.String(CustomMusicPath6))</visible>
					<label>$LOCALIZE[31062]</label>
					<icon>button_music.png</icon>
					<onclick>Dialog.Close(1125)</onclick>
					<onclick condition="!String.IsEmpty(Skin.String(CustomMusicPath1))">ActivateWindow(Music,$INFO[Skin.String(CustomMusicPath1)])</onclick>
					<onclick condition="!String.IsEmpty(Skin.String(CustomMusicPath2))">ActivateWindow(Music,$INFO[Skin.String(CustomMusicPath2)])</onclick>
					<onclick condition="!String.IsEmpty(Skin.String(CustomMusicPath3))">ActivateWindow(Music,$INFO[Skin.String(CustomMusicPath3)])</onclick>
					<onclick condition="!String.IsEmpty(Skin.String(CustomMusicPath4))">ActivateWindow(Music,$INFO[Skin.String(CustomMusicPath4)])</onclick>
					<onclick condition="!String.IsEmpty(Skin.String(CustomMusicPath5))">ActivateWindow(Music,$INFO[Skin.String(CustomMusicPath5)])</onclick>
					<onclick condition="!String.IsEmpty(Skin.String(CustomMusicPath6))">ActivateWindow(Music,$INFO[Skin.String(CustomMusicPath6)])</onclick>
				</item>
				<item id="3011">
					<label>$LOCALIZE[31241]</label>
					<icon>button_musicartist.png</icon>
					<onclick>Dialog.Close(1125)</onclick>
					<onclick>ActivateWindow(Music,musicdb://artists/,return)</onclick>
				</item>
				<item id="3012">
					<label>$LOCALIZE[31242]</label>
					<icon>button_musicalbum.png</icon>
					<onclick>Dialog.Close(1125)</onclick>
					<onclick>ActivateWindow(Music,musicdb://albums/,return])</onclick>
				</item>
				<item id="3013">
					<label>$LOCALIZE[31243]</label>
					<icon>button_musicgenre.png</icon>
					<onclick>Dialog.Close(1125)</onclick>
					<onclick>ActivateWindow(Music,musicdb://genres/,return)</onclick>
				</item>
				<item id="3014">
					<label>$LOCALIZE[31063]</label>
					<icon>button_video.png</icon>
					<onclick>Dialog.Close(1125)</onclick>
					<onclick condition="!String.IsEmpty(Skin.String(CustomVideoPath1))">ActivateWindow(Videos,$INFO[Skin.String(CustomVideoPath1)])</onclick>
					<onclick condition="!String.IsEmpty(Skin.String(CustomVideoPath2))">ActivateWindow(Videos,$INFO[Skin.String(CustomVideoPath2)])</onclick>
					<onclick condition="!String.IsEmpty(Skin.String(CustomVideoPath3))">ActivateWindow(Videos,$INFO[Skin.String(CustomVideoPath3)])</onclick>
					<onclick condition="!String.IsEmpty(Skin.String(CustomVideoPath4))">ActivateWindow(Videos,$INFO[Skin.String(CustomVideoPath4)])</onclick>
					<onclick condition="!String.IsEmpty(Skin.String(CustomVideoPath5))">ActivateWindow(Videos,$INFO[Skin.String(CustomVideoPath5)])</onclick>
					<onclick condition="!String.IsEmpty(Skin.String(CustomVideoPath6))">ActivateWindow(Videos,$INFO[Skin.String(CustomVideoPath6)])</onclick>
				</item>
				<!--<item id="3015">
					<visible>System.Platform.Linux.RaspberryPi</visible>
					<label>$LOCALIZE[31064]</label>
					<icon>button_navi.png</icon>
					<onclick>RunScript("plugin.program.navigation")</onclick>
					<onclick condition="Player.HasVideo">PlayerControl(Stop)</onclick>
					<onclick>Dialog.Close(1125)</onclick>
				</item>-->
				<item id="3015">
					<label>$LOCALIZE[10702]</label>
					<icon>button_pvr_guide.png</icon>
					<onclick>ActivateWindow(10702,pvr://guide/tv,return)</onclick>
					<onclick>Dialog.Close(1125)</onclick>
				</item>
				<item id="3016">
					<label>$LOCALIZE[31061]</label>
				<!--<visible>System.Platform.Linux.RaspberryPi</visible>-->
					<icon>button_radio.png</icon>
					<onclick>Dialog.Close(1125)</onclick>
				<!--<onclick>RunScript("ActivateWindow(1126)")</onclick>-->
					<onclick>ActivateWindow(RadioChannels)</onclick>
				</item> 
				<item id="3017">
					<label>$LOCALIZE[31065]</label>
					<icon>button_settings.png</icon>
					<onclick>Dialog.Close(1125)</onclick>
					<onclick>ActivateWindow(Settings)</onclick>
				</item>
				<item id="3018">
					<label>$LOCALIZE[31074]</label>
					<icon>button_filemanager.png</icon>
					<onclick>Dialog.Close(1125)</onclick>
					<onclick>ActivateWindow(FileManager)</onclick>
				</item>
				<item id="3019">
					<visible>System.Platform.Linux.RaspberryPi</visible>
					<label>$LOCALIZE[31073]</label>
					<icon>button_3g.png</icon>
					<onclick>Dialog.Close(1125)</onclick>
					<onclick>ActivateWindow(1118)</onclick>
				</item>
				<item id="3020">
					<visible>System.Platform.Linux.RaspberryPi + System.HasAddon(script.cardiagnostic)</visible>
					<label>$LOCALIZE[31137]</label>
					<icon>button_obd.png</icon>
					<onclick>Dialog.Close(1125)</onclick>
					<onclick>RunScript("script.cardiagnostic")</onclick>
				</item>  
				<item id="3021">
					<label>$LOCALIZE[31135]</label>
					<icon>button_weather.png</icon>
					<onclick>Dialog.Close(1125)</onclick>
					<onclick>ActivateWindow(Weather)</onclick>
				</item>
				<item id="3022">
					<label>$LOCALIZE[31072]</label>
					<icon>button_favs.png</icon>
					<onclick>Dialog.Close(1125)</onclick>
					<onclick>ActivateWindow(Favourites)</onclick>
				</item>
				<item id="3023">
					<label>$LOCALIZE[31071]</label>
					<icon>button_apps.png</icon>
					<onclick>Dialog.Close(1125)</onclick>
					<onclick>ActivateWindow(Programs,addons://sources/executable)</onclick>
				</item>
				<item id="3024">
					<visible>System.Platform.Android</visible>
					<label>$LOCALIZE[40185]</label>
					<icon>button_android_apps.png</icon>
					<onclick>Dialog.Close(1125)</onclick>
					<onclick>ActivateWindow(10001,"androidapp://source/apps/",return)</onclick>
				</item>
				<item id="3027">
					<description>Switch Temp<>Clock</description>
					<label>$LOCALIZE[40137]</label>
			 		<visible>System.HasAddon(plugin.program.piwire) + Skin.HasSetting(Enable_Temp_Display)</visible>
					<icon>buttons-tempclock-switch.png</icon>
					<onclick>Dialog.Close(1125)</onclick>
					<onclick>Skin.ToggleSetting(SwitchTempClock)</onclick>
				</item>
				<item id="3028">
					<description>Playlist-Editor</description>
					<label>$LOCALIZE[40141]</label>
					<icon>button_musicplaylisteditor.png</icon>
					<onclick>Dialog.Close(1125)</onclick>
					<onclick>ActivateWindow(503)</onclick>
				</item>
				<item id="3029">
					<description>WiFi-Manager</description>
					<visible>System.Platform.Linux.RaspberryPi + System.HasAddon(plugin.program.wifimanager)</visible>
					<label>$LOCALIZE[31260]</label>
					<icon>button_wifi.png</icon>
					<onclick>Dialog.Close(1125)</onclick>
					<onclick>ActivateWindow(1119)</onclick>
				</item>
				<item id="3030">
					<description>USB-Manager</description>
					<label>$LOCALIZE[40136]</label>
			 		<visible>System.Platform.Linux.RaspberryPi + System.HasAddon(plugin.program.usbmanager)</visible>
					<icon>button_usbmanager.png</icon>
					<onclick>Dialog.Close(1125)</onclick>
					<onclick>RunPlugin(plugin://plugin.program.usbmanager)</onclick>
				</item>
				<item id="3031">
					<description>PiWire-Addon</description>
					<label>$LOCALIZE[40135]</label>
			 		<visible>System.Platform.Linux.RaspberryPi + System.HasAddon(plugin.program.piwire)</visible>
					<icon>button_piwire.png</icon>
					<onclick>Dialog.Close(1125)</onclick>
					<onclick>RunPlugin(plugin://plugin.program.piwire)</onclick>
				</item>
				<item id="3032">
					<description>GPIODiag-Addon</description>
			 		<visible>System.Platform.Linux.RaspberryPi + System.HasAddon(plugin.program.gpiodiag)</visible>
					<label>$LOCALIZE[40138]</label>
					<icon>button_gpiodiag.png</icon>
					<onclick>Dialog.Close(1125)</onclick>
					<onclick>RunPlugin(plugin://plugin.program.gpiodiag)</onclick>
				</item>
				<item id="3033">
					<description>PiDash-Addon</description>
					<label>$LOCALIZE[40139]</label>
			 		<visible>System.Platform.Linux.RaspberryPi + System.HasAddon(plugin.program.pidash)</visible>
					<icon>button_pidash.png</icon>
					<onclick>Dialog.Close(1125)</onclick>
					<onclick>RunPlugin(plugin://plugin.program.pidash)</onclick>
				</item>
				<item id="3034">
					<description>Youtube-Addon</description>
					<label>Youtube</label>
			 		<visible>!System.Platform.Android + System.HasAddon(plugin.video.youtube)</visible>
					<icon>button_youtube.png</icon>
					<onclick>Dialog.Close(1125)</onclick>
					<onclick>RunAddon(plugin.video.youtube)</onclick>
				</item>
				<item id="3035">
					<description>CarPC-Controller</description>
					<label>$LOCALIZE[40140]</label>
					<icon>button_Controller.png</icon>
			 		<visible>System.Platform.Linux.RaspberryPi + System.HasAddon(service.carpccontroller)</visible>
					<onclick>Dialog.Close(1125)</onclick>
					<onclick>Addon.OpenSettings(service.carpccontroller)</onclick>
				</item>
				<item id="3036">
					<label>$INFO[Skin.String(MagicSMBLabel1)]</label>
		        	<visible>Skin.HasSetting(ShowMagicSMB1) + !String.IsEmpty(Skin.String(MagicSMBLabel1))</visible>
					<icon>$INFO[Skin.String(MagicSMBIcon1)]</icon>
					<onclick>Dialog.Close(1125)</onclick>
					<onclick>$VAR[MagicSMButton1]</onclick>
				</item>
				<item id="3037">
					<label>$INFO[Skin.String(MagicSMBLabel2)]</label>
		        	<visible>Skin.HasSetting(ShowMagicSMB2) + !String.IsEmpty(Skin.String(MagicSMBLabel2))</visible>
					<icon>$INFO[Skin.String(MagicSMBIcon2)]</icon>
					<onclick>Dialog.Close(1125)</onclick>
					<onclick>$VAR[MagicSMButton2]</onclick>
				</item>
				<item id="3038">
					<label>$INFO[Skin.String(MagicSMBLabel3)]</label>
		        	<visible>Skin.HasSetting(ShowMagicSMB3) + !String.IsEmpty(Skin.String(MagicSMBLabel3))</visible>
					<icon>$INFO[Skin.String(MagicSMBIcon3)]</icon>
					<onclick>Dialog.Close(1125)</onclick>
					<onclick>$VAR[MagicSMButton3]</onclick>
				</item>
				<item id="3039">
					<label>$INFO[Skin.String(MagicSMBLabel4)]</label>
		        	<visible>Skin.HasSetting(ShowMagicSMB4) + !String.IsEmpty(Skin.String(MagicSMBLabel4))</visible>
					<icon>$INFO[Skin.String(MagicSMBIcon4)]</icon>
					<onclick>Dialog.Close(1125)</onclick>
					<onclick>$VAR[MagicSMButton4]</onclick>
				</item>
				<item id="3040">
					<label>$LOCALIZE[31119]</label>
					<icon>button_shutdown.png</icon>
					<onclick>Dialog.Close(1125)</onclick>
					<onclick>ActivateWindow(1998)</onclick>
				</item>  
				<item id="3041">
					<label>$LOCALIZE[31271]</label>
					<icon>icon_shutdownnodialog.png</icon>
					<onclick>Dialog.Close(1125)</onclick>
					<onclick>RunScript("special://skin/scripts/system_poweroff.py")</onclick>
					<ondown>Control.SetFocus(3030)</ondown>
				</item>  
			</content>
		</control>

<!-- Close button -->
        <control type="button" id="3036">
            <posx>200r</posx>
            <posy>90r</posy>
			<height>50</height>
			<width>140</width>	
			<font>font22_title</font>
			<label>$LOCALIZE[31001]</label>  
			<textcolor>grey</textcolor>
			<align>center</align>
			<aligny>center</aligny>
			<focusedcolor>$VAR[CustomColorFocus]</focusedcolor>
			<texturefocus border="4">button_outline_black_f.png</texturefocus>
			<texturenofocus border="4">button_outline_black.png</texturenofocus>
			<onclick>Dialog.Close(1125)</onclick>
			<onup>Control.SetFocus(9009)</onup>
        </control>
	</controls>
</window>
