<?xml version="1.0" encoding="UTF-8"?>
<window>
	<defaultcontrol>5</defaultcontrol>
<!--<include>16x9_xPos_Relocation</include>-->
	<include>Window_OpenClose_Animation_Zoom</include>
	<coordinates>
		<posx>240</posx>
		<posy>10</posy>
	</coordinates>
	<controls>
		<include>BehindDialogFadeOut</include>
		<control type="image">
			<posx>0</posx>
			<posy>0</posy>
			<width>800</width>
			<height>60</height>
			<texture border="5">DialogHeader.png</texture>
		</control>
		<control type="image">
			<posx>0</posx>
			<posy>60</posy>
			<width>800</width>
			<height>640</height>
			<texture>dialog_back_black2.png</texture>
		</control>
		<control type="label" id="2">
			<posx>20</posx>
			<posy>0</posy>
			<include>WindowTitleCommons</include>
			<width>700</width>
			<label></label>
		</control>
		<control type="group">
			<posx>730</posx>
			<posy>0</posy>
			<include>DialogCloseButtonCommons</include>
		</control>
		<control type="grouplist" id="5">
			<posx>0</posx>
			<posy>60</posy>
			<width>800</width>
			<height>580</height>
			<itemgap>-1</itemgap>
			<onleft>9000</onleft>
			<onright>9000</onright>
			<onup>5</onup>
			<ondown>5</ondown>
		</control>
		<control type="button" id="7">
			<posx>0</posx>
			<posy>0</posy>
			<height>70</height>
			<font>font25</font>
						<texturenofocus>MenuItemNF.png</texturenofocus>
			<texturefocus>button-nofocus.png</texturefocus>
			<textcolor>FFFFFFFF</textcolor>
			<focusedcolor>FF000000</focusedcolor>
<!--			
			<texturefocus border="0,2,0,2">MenuItemNF.png</texturefocus>
			<texturenofocus border="0,2,0,2">MenuItemNF.png</texturenofocus>
-->
		</control>
		<control type="radiobutton" id="8">
			<posx>0</posx>
			<posy>0</posy>
			<height>70</height>
			<font>font25</font>
						<texturenofocus>MenuItemNF.png</texturenofocus>
			<texturefocus>button-nofocus.png</texturefocus>
			<textcolor>FFFFFFFF</textcolor>
			<focusedcolor>FF000000</focusedcolor>
<!--			
			<texturefocus border="0,2,0,2">MenuItemNF.png</texturefocus>
			<texturenofocus border="0,2,0,2">MenuItemNF.png</texturenofocus>
-->
		</control>
		<control type="spincontrolex" id="9">
			<posx>0</posx>
			<posy>0</posy>
			<height>70</height>
			<font>font25</font>
			<aligny>center</aligny>
			<reverse>yes</reverse>
			<texturenofocus>MenuItemNF.png</texturenofocus>
			<texturefocus>button-nofocus.png</texturefocus>
			<textcolor>FFFFFFFF</textcolor>
			<focusedcolor>FF000000</focusedcolor>
<!--			
			<texturefocus border="0,2,0,2">MenuItemNF.png</texturefocus>
			<texturenofocus border="0,2,0,2">MenuItemNF.png</texturenofocus>
-->
		</control>
		<control type="image" id="11">
			<height>2</height>
			<texture border="2">separator.png</texture>
		</control>
		<control type="edit" id="12">
			<height>70</height>
			<font>font30_title</font>
		</control>
		<control type="sliderex" id="13">
			<height>70</height>
			<font>font25</font>
			<texturenofocus>MenuItemNF.png</texturenofocus>
			<texturefocus>button-nofocus.png</texturefocus>
			<textcolor>FFFFFFFF</textcolor>
			<focusedcolor>FF000000</focusedcolor>
<!--			
			<texturefocus border="0,2,0,2">MenuItemNF.png</texturefocus>
			<texturenofocus border="0,2,0,2">MenuItemNF.png</texturenofocus>
-->
		</control>
		<control type="label" id="14">
			<posx>0</posx>
			<posy>0</posy>
			<height>70</height>
			<font>font30_title</font>
			<align>center</align>
			<aligny>center</aligny>
		</control>
		<control type="grouplist" id="9000">
			<posx>0</posx>
			<posy>80r</posy>
			<width>800</width>
			<height>60</height>
			<itemgap>5</itemgap>
			<align>center</align>
			<orientation>horizontal</orientation>
			<onleft>9000</onleft>
			<onright>9000</onright>
			<onup>5</onup>
			<ondown>5</ondown>
			<control type="button" id="28">
				<description>OK Button</description>
				<width>200</width>
				<include>ButtonInfoDialogsCommonValues</include>
				<label></label>
			</control>
			<control type="button" id="29">
				<description>Cancel Button</description>
				<width>200</width>
				<include>ButtonInfoDialogsCommonValues</include>
				<label></label>
			</control>
			<control type="button" id="30">
				<description>Custom Button</description>
				<width>200</width>
				<include>ButtonInfoDialogsCommonValues</include>
				<label></label>
			</control>
		</control>
	</controls>
</window>