<window id="10140">
	<defaultcontrol>100</defaultcontrol>
	<!-- removed allowoverlay -->
	<!-- <include>16x9_xPos_Relocation</include> -->
	<include>Window_OpenClose_Animation_Zoom</include>
	<coordinates>
		<system>1</system>
		<posx>95</posx>
		<posy>10</posy>
	</coordinates>
	<controls>
		<control type="image">
			<posx>0</posx>
			<posy>0</posy>
			<width>1100</width>
			<height>60</height>
			<texture border="5">DialogHeader.png</texture>
		</control>
		<control type="label" id="2">
			<description>header label</description>
			<posx>20</posx>
			<posy>0</posy>
			<include>WindowTitleCommons</include>
			<width>1010</width>
			<label></label>
		</control>
		<control type="group">
			<posx>1030</posx>
			<posy>0</posy>
			<include>DialogCloseButtonCommons</include>
		</control>
		<control type="image">
			<posx>0</posx>
			<posy>60</posy>
			<width>1100</width>
			<height>740</height>
			<texture border="5">dialog_back_black2.png</texture>
		</control>

		<control type="grouplist" id="3">
			<description>button area</description>
			<posx>20</posx>
			<posy>70</posy>
			<width>1060</width>
			<height>50</height>
			<itemgap>5</itemgap>
			<align>center</align>
			<orientation>horizontal</orientation>
			<onleft>Control.Move(9,-1)</onleft>
			<onright>Control.Move(9,1)</onright>
			<onup>Control.SetFocus(20)</onup>
			<ondown>Control.SetFocus(2,1)</ondown>
		</control>
		<control type="grouplist" id="5">
			<description>control area</description>
			<posx>40</posx>
			<posy>140</posy>
			<width>1000</width>
			<height>450</height>
			<itemgap>-1</itemgap>
			<pagecontrol>30</pagecontrol>
			<onup>Control.Move(9,-1)</onup>
			<ondown>Control.Move(2,1)</ondown>
			<onleft>Control.SetFocus(9,1)</onleft>
			<onright condition="Control.IsVisible(30)">30</onright>
			<onright condition="!Control.IsVisible(30)">Control.SetFocus(9001,1)</onright>
		</control>
<!--		
		<control type="scrollbar" id="60">
			<visible>Skin.HasSetting(ScrollbarBold)</visible>
			<posx>1065</posx>
			<posy>120</posy>
			<width>35</width>
			<height>570</height>
			<texturesliderbackground colordiffuse="$VAR[CustomColorNofocus]">scrollbarv_bar_bold2.png</texturesliderbackground>
			<texturesliderbar colordiffuse="$VAR[CustomColorNofocus]">osdsliderbar_square.png</texturesliderbar>
			<texturesliderbarfocus colordiffuse="$VAR[CustomColorFocus]">osdsliderbar_square.png</texturesliderbarfocus>
			<textureslidernib colordiffuse="$VAR[CustomColorNofocus]">osdslidernib_square.png</textureslidernib>
			<textureslidernibfocus colordiffuse="$VAR[CustomColorFocus]">osdslidernib_square.png</textureslidernibfocus>
			<onleft>Control.SetFocus(2,1)</onleft>
			<onright>Control.SetFocus(9001,1)</onright>
			<showonepage>false</showonepage>
			<orientation>vertical</orientation>
		</control>
		<control type="scrollbar" id="60">
			<visible>!Skin.HasSetting(ScrollbarBold)</visible>
			<posx>1065</posx>
			<posy>120</posy>
			<width>25</width>
			<height>570</height>
			<texturesliderbackground border="0,14,0,14">ScrollBarV.png</texturesliderbackground>
			<texturesliderbar border="2,16,2,16"></texturesliderbar>
			<texturesliderbarfocus border="2,16,2,16"></texturesliderbarfocus>
			<textureslidernib>osdslidernib.png</textureslidernib>
			<textureslidernibfocus>osdslidernib.png</textureslidernibfocus>
			<onleft>Control.SetFocus(2,1)</onleft>
			<onright>Control.SetFocus(9001,1)</onright>
			<showonepage>false</showonepage>
			<orientation>vertical</orientation>
		</control>
-->
		<control type="grouplist" id="9001">
			<posx>15</posx>
			<posy>632</posy>
			<width>1010</width>
			<height>50</height>
			<itemgap>5</itemgap>
			<align>center</align>
			<orientation>horizontal</orientation>
			<onleft>Control.Move(9001,-1)</onleft>
			<onright>Control.Move(9001,1)</onright>
			<onup>Control.SetFocus(2,1)</onup>
			<ondown>Control.SetFocus(9,1)</ondown>
			<control type="button" id="28">
				<description>OK Button</description>
				<width>200</width>
				<include>ButtonInfoDialogsCommonValues</include>
				<label>186</label>
			</control>
			<control type="button" id="29">
				<description>Cancel Button</description>
				<width>200</width>
				<include>ButtonInfoDialogsCommonValues</include>
				<label>222</label>
			</control>
			<control type="button" id="30">
				<description>Defaults Button</description>
				<width>200</width>
				<include>ButtonInfoDialogsCommonValues</include>
				<label>409</label>
			</control>
		</control>

<!-- Arrow buttons -->
		<control type="group">
			<posx>20</posx>
			<posy>75</posy>
			<control type="button">
				<description>left Arrow</description>
				<posx>0</posx>
				<posy>0</posy>
				<width>20</width>
				<height>40</height>
				<texturefocus>arrow-big-left.png</texturefocus>
				<texturenofocus>arrow-big-left.png</texturenofocus>
				<onclick>Control.Move(9,-1)</onclick>
				<include>VisibleFadeEffect</include>
				<visible>Container(9).HasPrevious</visible>
			</control>
			<control type="button" id="11001">
				<description>right Arrow</description>
				<posx>1080</posx>
				<posy>0</posy>
				<width>20</width>
				<height>40</height>
				<texturefocus>arrow-big-right.png</texturefocus>
				<texturenofocus>arrow-big-right.png</texturenofocus>
				<onclick>Control.Move(9,1)</onclick>
				<include>VisibleFadeEffect</include>
				<visible>Container(9).HasNext</visible>
			</control>
		</control>

		<control type="button" id="10">
			<description>Default Category Button</description>
			<width>200</width>
	        <font>font22_title</font>
			<include>ButtonInfoDialogsCommonValues</include>
		</control>
		<control type="button" id="7">
			<description>Default Button</description>
			<posx>0</posx>
			<posy>0</posy>
			<height>55</height>
			<font>font24_title</font>
			<textcolor>FFFFFFFF</textcolor>
			<focusedcolor>selected</focusedcolor>
			<texturenofocus colordiffuse="$VAR[CustomColorNofocus]">MenuItemNF.png</texturenofocus>
			<texturefocus colordiffuse="$VAR[CustomColorFocus]" border="5">MenuItemNF.png</texturefocus>
		</control>
		<control type="radiobutton" id="8">
			<description>Default RadioButton</description>
			<posx>0</posx>
			<posy>0</posy>
			<height>55</height>
			<font>font24_title</font>
			<textcolor>FFFFFFFF</textcolor>
			<focusedcolor>selected</focusedcolor>
			<texturefocus border="0,2,0,2">MenuItemNF.png</texturefocus>
			<texturenofocus border="0,2,0,2">MenuItemNF.png</texturenofocus>
		</control>
		<control type="spincontrolex" id="9">
			<description>Default SpinControlex</description>
			<posx>0</posx>
			<posy>0</posy>
			<height>55</height>
			<font>font24_title</font>
			<textcolor>FFFFFFFF</textcolor>
			<focusedcolor>selected</focusedcolor>
			<texturefocus border="0,2,0,2">MenuItemNF.png</texturefocus>
			<texturenofocus border="0,2,0,2">MenuItemNF.png</texturenofocus>
			<aligny>center</aligny>
			<reverse>yes</reverse>
		</control>
		<control type="image" id="11">
			<description>separator image</description>
			<height>5</height>
			<texture>separator.png</texture>
		</control>
		<control type="edit" id="12">
			<description>Edit</description>
			<height>45</height>
		</control>
		<control type="label" id="14">
			<height>50</height>
			<font>font24_title</font>
			<label></label>
			<textcolor>FFFFFFFF</textcolor>
			<focusedcolor>selected</focusedcolor>
			<align>center</align>
			<aligny>center</aligny>
		</control>
		<control type="sliderex" id="13">
			<description>Default Slider</description>
			<height>55</height>
			<texturefocus border="0,2,0,2">MenuItemNF.png</texturefocus>
			<texturenofocus border="0,2,0,2">MenuItemNF.png</texturenofocus>
			<font>font24_title</font>
			<textcolor>FFFFFFFF</textcolor>
			<focusedcolor>selected</focusedcolor>
		</control>
	</controls>
</window>
