<window id="0">
	<onload>RunScript("special://skin/scripts/check_calibration.py")</onload>
	<onunload condition="Container(9000).Hasfocus(2) | Container(9000).Hasfocus(3) | ControlGroup(9010).HasFocus">SetProperty(VideosDirectLink,True)</onunload>
	<onunload condition="Control.HasFocus(9000) + Container(9000).Hasfocus(1)">ClearProperty(VideosDirectLink)</onunload>
	<onload condition="!Skin.HasSetting(HideSettingsManager5.0)">ActivateWindow(1122)</onload>
	<defaultcontrol always="true">3999</defaultcontrol>
	<backgroundcolor>0</backgroundcolor>
	<controls>
		<include>CommonBackground</include>
 	    <include>WeatherTitleWidget</include>
		<include>Time</include>				

<!-- Dummy Button for Focus -->
        <control type="button" id="3999">
            <description>Dummy Focus Button</description>
            <posx>-1</posx>
            <posy>-1</posy>
            <width>1</width>
            <height>1</height>
            <font></font>
            <texturenofocus>1px_transparent.png</texturenofocus>
            <texturefocus>1px_transparent.png</texturefocus>
            <ondown>3001</ondown>
        </control>

<!-- 1-Wire Sensor Temperature Top Left -->
		<include>TempTextonTop</include>				

<!-- CPU-Temperature Top Left -->
		<include>CPUTemponTop</include>				
		
<!-- Image Top Left -->
		<include>ImageonTop</include>				

<!-- Text Top Left -->
		<include>TextonTop</include>

<!-- Rss Top Left -->
	<include>RssonTop</include>		


<!-- Just for testing! -->
<!-- 
		<control type="label">
			<description>Just for testing</description>
			<posx>245</posx>
			<posy>14</posy>
			<height>40</height>
			<width>800</width>
			<label>$INFO[Skin.String(HomeButton2Value)]</label> 
			<align>left</align>
			<aligny>center</aligny>
			<font>font28_title</font>
			<textcolor>$VAR[CustomColorNofocus]</textcolor>
		</control>
 -->
	
<!--Menu customized-->
		<include condition="!Skin.HasTheme(Home_wide) + Skin.HasSetting(Hide1024x600Fix)">MainButtons</include>		
		<include condition="!Skin.HasTheme(Home_wide) + !Skin.HasSetting(Hide1024x600Fix)">MainButtonsFix</include>		
		<include condition="Skin.HasTheme(Home_wide) + Skin.HasSetting(Hide1024x600Fix)">MainButtons_wide</include>		
		<include condition="Skin.HasTheme(Home_wide) + !Skin.HasSetting(Hide1024x600Fix)">MainButtons_wideFix</include>		

<!-- Logo area - Logo image -->
		<control type="group">
			<visible>[System.HasAddon(plugin.program.piwire) + [Skin.HasSetting(Enable_Temp_Display) + !Skin.HasSetting(SwitchTempClock)] | !Skin.HasSetting(Enable_Temp_Display)] | [!System.HasAddon(plugin.program.piwire) + Skin.HasSetting(Enable_Temp_Display)]</visible>
			<include condition="!Skin.HasSetting(Hide1024x600Fix)">Logo_Image_Fix</include>
			<include condition="Skin.HasSetting(Hide1024x600Fix)">Logo_Image</include>
		</control>
<!-- Logo area - Visualisation -->
		<include condition="!Skin.HasSetting(Hide1024x600Fix)">Visualization_BG_Fix</include>
		<include condition="Skin.HasSetting(Hide1024x600Fix)">Visualization_BG</include>
		<include condition="Skin.String(VisName,Spectrum)">VisualisationHome</include> 
<!-- Logo area - Clock -->
		<control type="group">
			<visible>[System.HasAddon(plugin.program.piwire) + [Skin.HasSetting(Enable_Temp_Display) + !Skin.HasSetting(SwitchTempClock)] | !Skin.HasSetting(Enable_Temp_Display)] | [!System.HasAddon(plugin.program.piwire) + Skin.HasSetting(Enable_Temp_Display)]</visible>
			<include condition="Skin.HasSetting(Hide1024x600Fix)">Clock_Time</include>
			<include condition="Skin.HasSetting(Hide1024x600Fix)">Clock_Time_White</include>
			<include condition="!Skin.HasSetting(Hide1024x600Fix)">Clock_Time_Fix</include>
			<include condition="!Skin.HasSetting(Hide1024x600Fix)">Clock_Time_White_Fix</include>
			<include>Clock_Date</include>
		</control>
<!-- Logo Area - Temperature Display Area -->
		<control type="group">
			<visible>Skin.HasSetting(SwitchTempClock)</visible>
			<include>Window_OpenClose_Animation_Fade</include>
			<include condition="!Skin.HasSetting(Hide1024x600Fix)">Temp_Area_Fix</include>
			<include condition="Skin.HasSetting(Hide1024x600Fix)">Temp_Area</include>
<!-- Logo Area – Switch to Addon -->
			<control type="button">
				<visible>!Player.HasAudio</visible>
				<description>Go to Addon PiWire</description>
				<posx>540</posx>
				<posy>180</posy>
				<height>200</height>
				<width>200</width>
				<label></label> 
				<font>font36_title</font>
				<textcolor></textcolor>
				<texturenofocus>1px_transparent.png</texturenofocus>
				<texturefocus>1px_transparent.png</texturefocus>
				<onclick>RunPlugin(plugin://plugin.program.piwire)</onclick>
			</control>
		</control> 

<!-- Song/radio info -->
		<control type="group">
	        <animation effect="fade" start="100" end="0" time="500" condition="Skin.String(OpenWidgetArea,open)">conditional</animation>
			<include condition="!Skin.HasSetting(HideRandomRepeat)">RandomRepeatButtons</include>
			<include condition="Skin.HasSetting(HideRandomRepeat)">MusicPlayerTitle</include>
			<include condition="!Skin.HasSetting(HideRandomRepeat)">MusicPlayerTitlewithButtons</include>
			<include condition="String.Contains(Window(Home).Property(Radio.Active),true)">RadioStationName</include>
		</control>			

<!-- Widget Area Recently Played -->
		<control type="group">
			<visible>Skin.HasSetting(ShowRecentlyAdded) + !Player.HasVideo</visible>
			<posx>0</posx>
			<posy>489</posy>
			<animation type="WindowClose" reversible="false">
				<effect type="fade" start="100" end="0" time="400" />
			</animation>
			<animation type="WindowOpen" reversible="false">
				<effect type="slide" start="400,0" end="0,0" delay="200" easing="out" tween="quadratic" time="400" />
				<effect type="fade" start="0" end="100" delay="200" time="400" />
			</animation>
			<control type="group" id="2010">
				<visible>Skin.String(OpenWidgetArea,open)</visible> 
				<onfocus condition="Control.IsVisible(2300)">Control.SetFocus(2300)</onfocus>
				<onfocus condition="Control.IsVisible(2200)">Control.SetFocus(2200)</onfocus>
				<onfocus condition="Control.IsVisible(2100)">Control.SetFocus(2100)</onfocus>
				<animation type="Visible" reversible="false">
					<effect type="slide" start="1280" end="0" delay="200" time="800" tween="cubic" easing="out" />
				</animation>
				<animation type="Hidden" reversible="false">
					<effect type="slide" start="0" end="1280" time="800" tween="cubic" easing="out" />
				</animation>
				<posx>0</posx>
				<posy>0</posy>
				<width>screenwidth</width>
				<height>110</height>
				<control type="image" id="2009">
					<description>Widget Area Background</description>
					<visible>[Player.HasAudio + !Skin.HasSetting(HideHomeButtonMusicPlayerTitle)] | [!Player.HasAudio + Skin.HasSetting(ShowRecentlyAdded)] | [String.Contains(Window(Home).Property(Radio.Active),true) + !Skin.HasSetting(HideHomeButtonRadioStationName)]</visible>
					<include>Window_OpenClose_Animation_Fade</include>
					<posx>0</posx>
					<posy>0</posy>
					<width>screenwidth</width>
					<height>110</height>
					<texture colordiffuse="$INFO[Skin.String(HBSolidColor)]">$INFO[Skin.String(HBTransparency)]</texture>
				</control>
				<control type="panel" id="2300">
					<posx>145</posx>
					<posy>0</posy>
					<width>1060</width>
					<height>110</height>
					<visible>Container(9020).HasFocus(3)</visible>
					<animation type="Visible" reversible="false">
					<effect type="fade" start="0" end="100" delay="200" time="400" />
					</animation>
					<animation type="Hidden" reversible="false">
					<effect type="fade" start="100" end="0" time="400" />
					</animation>
					<onleft>200</onleft>
					<onright>2300</onright>
					<onup>3006</onup>
					<ondown condition="Control.IsVisible(606)">Control.SetFocus(606)</ondown>
					<ondown condition="Control.IsVisible(9003)">Control.SetFocus(9003)</ondown>
					<ondown condition="Control.IsVisible(9004)">Control.SetFocus(9004)</ondown>
					<ondown condition="Control.IsVisible(3050)">Control.SetFocus(3050)</ondown>
					<onright>Control.SetFocus(2011)</onright>
					<onleft>Control.SetFocus(9020)</onleft>
					<pagecontrol></pagecontrol>
					<scrolltime>200</scrolltime>
					<orientation>horizontal</orientation>
					<itemgap>5</itemgap>
					<itemlayout height="110" width="105">
						<control type="image">
							<posx>10</posx>
							<posy>10</posy>
							<width>92</width>
							<height>92</height>
							<texture background="true">$INFO[Listitem.Icon]</texture>
						</control>
					</itemlayout>
					<focusedlayout height="110" width="105">
						<control type="image">
							<posx>10</posx>
							<posy>10</posy>
							<width>92</width>
							<height>92</height>
							<texture background="true">$INFO[Listitem.Icon]</texture>
						</control>
						<control type="image">
							<posx>8</posx>
							<posy>8</posy>
							<width>96</width>
							<height>96</height>
							<texture colordiffuse="$VAR[CustomColorFocus]" border="2">button-transparency00.png</texture>
						</control>
					</focusedlayout>
					<content limit="25">favourites://</content>
				</control>
				<control type="panel" id="2200">
					<posx>145</posx>
					<posy>0</posy>
					<width>1060</width>
					<height>110</height>
					<visible>Library.HasContent(Music) + Container(9020).HasFocus(1)</visible>
					<animation type="Visible" reversible="false">
					<effect type="fade" start="0" end="100" delay="200" time="400" />
					</animation>
					<animation type="Hidden" reversible="false">
					<effect type="fade" start="100" end="0" time="400" />
					</animation>
					<onleft>200</onleft>
					<onright>2200</onright>
					<onup>3006</onup>
					<ondown condition="Control.IsVisible(606)">Control.SetFocus(606)</ondown>
					<ondown condition="Control.IsVisible(9003)">Control.SetFocus(9003)</ondown>
					<ondown condition="Control.IsVisible(9004)">Control.SetFocus(9004)</ondown>
					<ondown condition="Control.IsVisible(3050)">Control.SetFocus(3050)</ondown>
					<onright>Control.SetFocus(2011)</onright>
					<onleft>Control.SetFocus(9020)</onleft>
					<pagecontrol></pagecontrol>
					<scrolltime>200</scrolltime>
					<orientation>horizontal</orientation>
					<itemgap>5</itemgap>
					<itemlayout height="110" width="105">
						<control type="image">
							<posx>10</posx>
							<posy>10</posy>
							<width>92</width>
							<height>92</height>
							<texture background="true">$INFO[Listitem.Icon]</texture>
						</control>
					</itemlayout>
					<focusedlayout height="110" width="105">
						<control type="image">
							<posx>10</posx>
							<posy>10</posy>
							<width>92</width>
							<height>92</height>
							<texture background="true">$INFO[Listitem.Icon]</texture>
						</control>
						<control type="image">
							<posx>8</posx>
							<posy>8</posy>
							<width>96</width>
							<height>96</height>
							<texture colordiffuse="$VAR[CustomColorFocus]" border="2">button-transparency00.png</texture>
						</control>
					</focusedlayout>
					<content target="music" limit="25">musicdb://recentlyplayedalbums/</content>
				</control>
				<control type="panel" id="2100">
					<posx>155</posx>
					<posy>1</posy>
					<width>1060</width>
					<height>110</height>
					<visible>Library.HasContent(Movies) + Container(9020).HasFocus(2)</visible>
					<animation type="Visible" reversible="false">
					<effect type="fade" start="0" end="100" delay="200" time="400" />
					</animation>
					<animation type="Hidden" reversible="false">
					<effect type="fade" start="100" end="0" time="400" />
					</animation>
					<onleft>200</onleft>
					<onright>2100</onright>
					<onup>5204</onup>
					<ondown condition="Control.IsVisible(606)">Control.SetFocus(606)</ondown>
					<ondown condition="Control.IsVisible(9003)">Control.SetFocus(9003)</ondown>
					<ondown condition="Control.IsVisible(9004)">Control.SetFocus(9004)</ondown>
					<ondown condition="Control.IsVisible(3050)">Control.SetFocus(3050)</ondown>
					<onright>Control.SetFocus(2011)</onright>
					<viewtype label="535">list</viewtype>
					<pagecontrol></pagecontrol>
					<scrolltime>200</scrolltime>
					<itemgap>4</itemgap>
					<itemlayout height="110" width="82">
						<control type="image">
							<posx>2</posx>
							<posy>4</posy>
							<width>67</width>
							<height>100</height>
							<texture background="true">$INFO[Listitem.Icon]</texture>
							<aspectratio align="center" aligny="center">scale</aspectratio>
						</control>
					</itemlayout>
					<focusedlayout height="110" width="82">
						<control type="image">
							<posx>2</posx>
							<posy>4</posy>
							<width>67</width>
							<height>100</height>
							<texture background="true">$INFO[Listitem.Icon]</texture>
							<aspectratio align="center" aligny="center">scale</aspectratio>
						</control>
						<control type="image">
							<posx>0</posx>
							<posy>2</posy>
							<width>71</width>
							<height>104</height>
							<texture colordiffuse="$VAR[CustomColorFocus]" border="2">button-transparency00.png</texture>
						</control>
					</focusedlayout>
					<content target="movies" sortby="date" limit="25">videodb://recentlyaddedmovies/</content>
				</control>
				<control type="group" id="2008">
		        	<description>Widget Area Switch</description>
					<posx>25</posx>
					<posy>2</posy>
					<include>Window_OpenClose_Animation</include>
<!-- 
					<animation effect="slide" start="0,0" end="250,0" time="0">Conditional</animation>
 -->
					<control type="wraplist" id="9020">
						<onfocus>Control.SetFocus(200)</onfocus>
						<include>VisibleFadeEffect</include>
						<posx></posx>
						<posy>0</posy>
						<width>110</width>
						<height>108</height>
						<onup>Control.SetFocus(3003)</onup>
						<scrolltime>0</scrolltime>
						<orientation>Horizontal</orientation>
						<itemlayout width="150" height="110">
<!-- 
							<control type="image">
								<posx>18</posx>
								<posy>0</posy>
								<height>108</height>
								<width>94</width>
								<texture colordiffuse="66000000">black.png</texture>
							</control>
 -->
							<control type="label">
								<posx>8</posx>
								<posy>0</posy>
								<height>100</height>
								<width>110</width>
								<label>$INFO[ListItem.Label]</label>
								<align>center</align>
								<aligny>center</aligny>
								<textcolor>blue</textcolor>
								<font>font24</font>
							</control>
						</itemlayout>
						<focusedlayout width="150" height="110">
<!-- 
							<control type="image">
								<posx>18</posx>
								<posy>0</posy>
								<height>108</height>
								<width>94</width>
								<texture colordiffuse="99000000">black.png</texture>
							</control>
 -->
							<control type="label">
								<posx>8</posx>
								<posy>0</posy>
								<height>100</height>
								<width>110</width>
								<label>$INFO[ListItem.Label]</label>
								<align>center</align>
								<aligny>center</aligny>
								<textcolor>white</textcolor>
								<font>font24</font>
							</control>
						</focusedlayout>
						<content>
							<item id="1">
								<label>$LOCALIZE[31062]</label>
								<onclick>Control.Move(9020,1)</onclick>
								<icon></icon>
								<thumb></thumb>
<!-- 
								<visible>Library.HasContent(Music)</visible>
 -->
							</item>
							<item id="2">
								<label>$LOCALIZE[40163]</label>
								<onclick>Control.Move(9020,1)</onclick>
								<icon></icon>
								<thumb></thumb>
<!-- 
								<visible>Library.HasContent(Movies)</visible>
 -->
							</item>
<!-- 
							<item id="3">
								<label>Favs</label>
								<onclick>Control.Move(9020,1)</onclick>
								<icon></icon>
								<thumb></thumb>
							</item>
 -->
						</content>
					</control>
					<control type="button" id="200">
						<posx>43</posx>
						<posy>6</posy>
						<width>40</width>
						<height>20</height>
						<texturenofocus colordiffuse="$VAR[CustomColorNofocus]">arrow-up_wide.png</texturenofocus>
						<texturefocus colordiffuse="$VAR[CustomColorFocus]">arrow-up_wide.png</texturefocus>
						<onclick>Control.Move(9020,-1)</onclick>
						<onup>5204</onup>
						<ondown>201</ondown>
						<onright condition="Control.IsVisible(2100)">Control.SetFocus(2100)</onright>
						<onright condition="Control.IsVisible(2200)">Control.SetFocus(2200)</onright>
					</control>
					<control type="button" id="201">
						<posx>43</posx>
						<posy>82</posy>
						<width>40</width>
						<height>20</height>
						<texturenofocus colordiffuse="$VAR[CustomColorNofocus]">arrow-down_wide.png</texturenofocus>
						<texturefocus colordiffuse="$VAR[CustomColorFocus]">arrow-down_wide.png</texturefocus>
						<onclick>Control.Move(9020,1)</onclick>
						<onup>200</onup>
						<ondown condition="Control.IsVisible(9003)">Control.SetFocus(9003)</ondown>
						<ondown condition="Control.IsVisible(9004)">Control.SetFocus(9004)</ondown>
						<ondown condition="Control.IsVisible(3050)">Control.SetFocus(3050)</ondown>
						<onright condition="Control.IsVisible(2100)">Control.SetFocus(2100)</onright>
						<onright condition="Control.IsVisible(2200)">Control.SetFocus(2200)</onright>
					</control>
				</control>
			</control>
			<control type="image">
			  <description>Widget Area Togglebutton BG</description>
			  <posx>70r</posx>
			  <posy>0</posy>
			  <width>75</width>
			  <height>110</height>
			  <texture colordiffuse="66000000">arrow_open-close_bg.png</texture>
			</control>	
			<control type="togglebutton" id="2011">
				<description>Toggle Widget Area Visibility</description>
				<posx>65r</posx>
				<posy>0</posy>
				<width>80</width>
				<height>110</height>
				<visible>true</visible>
				<texturefocus colordiffuse="$VAR[CustomColorFocus]">arrow_open.png</texturefocus>
				<texturenofocus colordiffuse="$VAR[CustomColorNofocus]">arrow_open.png</texturenofocus>
				<alttexturefocus colordiffuse="$VAR[CustomColorFocus]">arrow_close.png</alttexturefocus>
				<alttexturenofocus colordiffuse="$VAR[CustomColorNofocus]">arrow_close.png</alttexturenofocus>
				<usealttexture>Skin.String(OpenWidgetArea,open)</usealttexture>
				<label></label>
				<altlabel></altlabel>
				<font>font12</font>
				<textcolor>FFFFFFFF</textcolor>
				<onclick>Skin.SetString(OpenWidgetArea,open)</onclick>
				<altclick>Skin.Reset(OpenWidgetArea)</altclick>
				<onup>3006</onup>
				<ondown condition="Control.IsVisible(3050)">Control.SetFocus(3050)</ondown>
				<ondown condition="Control.IsVisible(9003)">Control.SetFocus(9003)</ondown>
				<ondown condition="Control.IsVisible(9004)">Control.SetFocus(9004)</ondown>
				<onleft condition="!Skin.String(OpenWidgetArea,open) + Control.IsVisible(607)">Control.SetFocus(607)</onleft>
				<onleft condition="Skin.String(OpenWidgetArea,open) + Control.IsVisible(2100)">Control.SetFocus(2100)</onleft>
				<onleft condition="Skin.String(OpenWidgetArea,open) + Control.IsVisible(2200)">Control.SetFocus(2200)</onleft>
				<onleft condition="Skin.String(OpenWidgetArea,open) + Control.IsVisible(2300)">Control.SetFocus(2300)</onleft>
				<onleft condition="String.Contains(Window(Home).Property(Radio.Active),true) + !Skin.String(OpenWidgetArea,open) + !Skin.HasSetting(HideHomeButtonRadioStationName) + !Player.HasAudio">Control.SetFocus(205)</onleft>
				<onright></onright>
			</control>
		</control>

<!-- Submenu Area -->
	<control type="group">		
		<visible>!Skin.HasSetting(ShowVolumeOverlay)</visible>
		<include>Visible_Animation_Slide_Up</include>

<!-- Submenu small -->
		<control type="panel" id="9003">
			<visible>!Window.IsActive(PlayerControls) + Skin.HasSetting(SubmenuIconsSmall) + [Player.HasAudio | Player.HasVideo]</visible>
			<include condition="!Skin.HasSetting(HideAppSwitcher)">SubMenuCommonLayout2</include>
			<include condition="Skin.HasSetting(HideAppSwitcher)">SubMenuCommonLayout3</include>
			<onleft>Control.SetFocus(100)</onleft>
			<onright>Control.SetFocus(3050)</onright>
			<content>
				<include>SmallSubmenuButtons</include>
			</content>
		</control>
		<control type="panel" id="9003">
			<visible>!Window.IsActive(PlayerControls) + Skin.HasSetting(SubmenuIconsSmall) + ![Player.HasAudio | Player.HasVideo] + !Skin.HasSetting(SubmenuIconsMid) + !Skin.HasSetting(SubmenuIconsBig)</visible>
			<include condition="!Skin.HasSetting(HideAppSwitcher)">SubMenuCommonLayout2</include>
			<include condition="Skin.HasSetting(HideAppSwitcher)">SubMenuCommonLayout3</include>
			<onright condition="Control.IsVisible(3050)">Control.SetFocus(3050)</onright>
			<onup>Control.SetFocus(3006)</onup>
			<content>
				<include>SmallSubmenuButtons</include>
			</content>
		</control>

<!-- Submenu mid -->
		<include>SubMenuBGMid</include>
		<control type="panel" id="9004">
			<visible>![Player.HasAudio | Player.HasVideo]</visible>
			<align>center</align>
			<include>SubMenuPanelMid</include>
			<onup>Control.SetFocus(3006)</onup>
			<onright condition="Control.IsVisible(3050)">Control.SetFocus(3050)</onright>
		</control>

<!-- Submenu big -->
		<include>SubMenuBGBig</include>
		<control type="panel" id="9004">
			<visible>![Player.HasAudio | Player.HasVideo]</visible>
			<align>center</align>
			<include>SubMenuPanelBig</include>
			<onup>Control.SetFocus(3006)</onup>
			<onright condition="Control.IsVisible(3050)">Control.SetFocus(3050)</onright>
		</control>
	</control>

<!-- Settings button -->
		<control type="button" id="3050">
			<description>Settings Button – in case it's disabled everywhere</description>
		    <visible>Skin.HasSetting(HideHomeButtonSettings) + !Skin.HasSetting(SubmenuIconsSmall) + !Skin.HasSetting(SubmenuIconsMid) + !Skin.HasSetting(SubmenuIconsBig) + !Skin.String(HomeButton1Value,Settings) + !Skin.String(HomeButton2Value,Settings) + !Skin.String(HomeButton3Value,Settings) + !Skin.String(HomeButton4Value,Settings) + !Skin.String(HomeButton5Value,Settings) + !Skin.String(HomeButton6Value,Settings) + Skin.HasSetting(HideAppSwitcher)</visible>
			<posx>74r</posx>
			<posy>76r</posy>
			<height>55</height>
			<width>55</width>
			<label></label> 
			<font>font36_title</font>
			<textcolor></textcolor>
			<texturenofocus colordiffuse="$VAR[CustomColorNofocus]">icon_settings_w.png</texturenofocus>
			<texturefocus colordiffuse="$VAR[CustomColorFocus]">icon_settings_w.png</texturefocus>
			<onclick>ActivateWindow(Settings)</onclick>
			<onup condition="Control.IsVisible(9010)">Control.SetFocus(606)</onup>
			<onup condition="!Control.IsVisible(9010)">Control.SetFocus(3006)</onup>
			<onleft condition="Control.IsVisible(9004)">Control.SetFocus(9004)</onleft>
			<onleft condition="Control.IsVisible(9003)">Control.SetFocus(9003)</onleft>
			<onleft condition="!Control.IsVisible(9003) + !Control.IsVisible(9004)">Control.SetFocus(100)</onleft>
		</control>

	<include>BottomNowPLaying</include>
   	<include>BehindDialogFadeOut</include>
   	<include>VolumeOverlay</include>

<!-- Appswitcher button -->
		<control type="button" id="3050">
			<description>App Switcher Icon</description>
			<visible>!Skin.HasSetting(HideAppSwitcher) + !Skin.HasSetting(ShowVolumeOverlay)</visible>
    		<include>Visible_Animation_Slide_Up</include>
			<posx>74r</posx>
			<posy>76r</posy>
			<height>55</height>
			<width>55</width>
			<label></label> 
			<font>font36_title</font>
			<textcolor></textcolor>
			<texturenofocus colordiffuse="$VAR[CustomColorNofocus]">button_switcher.png</texturenofocus>
			<texturefocus colordiffuse="$VAR[CustomColorFocus]">button_switcher.png</texturefocus>
			<onclick>ActivateWindow(1125)</onclick>
			<onup condition="Skin.HasSetting(ShowRecentlyAdded)">Control.SetFocus(2011)</onup>
			<onup condition="!Skin.HasSetting(ShowRecentlyAdded) + [Player.HasAudio + !Skin.HasSetting(HideRandomRepeat)]">Control.SetFocus(606)</onup>
			<onup condition="!Skin.HasSetting(ShowRecentlyAdded) + [!Player.HasAudio | Skin.HasSetting(HideRandomRepeat)]">Control.SetFocus(3006)</onup>
			<onleft condition="Control.IsVisible(9004)">Control.SetFocus(9004)</onleft>
			<onleft condition="Control.IsVisible(9003)">Control.SetFocus(9003)</onleft>
			<onleft condition="!Control.IsVisible(9003) + !Control.IsVisible(9004)">Control.SetFocus(100)</onleft>
			<onleft condition="Control.IsVisible(3051)">Control.SetFocus(3051)</onleft>
		</control>
<!--Day/Night -->		
		<control type="togglebutton" id="3051">
			<posx>180r</posx>
			<posy>90r</posy>
			<width>76</width>
			<height>76</height>
			<!--label>Day</label>
			<altlabel>Night</altlabel-->
			<font>-</font>
			<texturefocus colordiffuse="$VAR[CustomColorFocus]">button_day.png</texturefocus>
			<texturenofocus colordiffuse="$VAR[CustomColorNoFocus]">button_day.png</texturenofocus>
			<usealttexture></usealttexture>
			<alttexturefocus colordiffuse="$VAR[CustomColorFocus]">button_night.png</alttexturefocus>
			<alttexturenofocus colordiffuse="$VAR[CustomColorNoFocus]">button_night.png</alttexturenofocus>
			<onclick>Skin.ToggleSetting(HideDayNight)</onclick>
			<selected>Skin.HasSetting(HideDayNight)</selected>
			<onup condition="Skin.HasSetting(ShowRecentlyAdded)">Control.SetFocus(2011)</onup>
			<onup condition="!Skin.HasSetting(ShowRecentlyAdded) + [Player.HasAudio + !Skin.HasSetting(HideRandomRepeat)]">Control.SetFocus(604)</onup>
			<onup condition="!Skin.HasSetting(ShowRecentlyAdded) + [!Player.HasAudio | Skin.HasSetting(HideRandomRepeat)]">Control.SetFocus(3006)</onup>
			<onleft condition="Control.IsVisible(9004)">Control.SetFocus(9004)</onleft>
			<onleft condition="Control.IsVisible(9003)">Control.SetFocus(9003)</onleft>
			<onleft condition="!Control.IsVisible(9003) + !Control.IsVisible(9004)">Control.SetFocus(100)</onleft>
			<onright condition="Control.IsVisible(3050)">Control.SetFocus(3050)</onright>
		</control>
		
	<include>DayNight</include>
   		
	</controls>	
</window>
