<?xml version="1.0" encoding="UTF-8"?>
<window>
	<defaultcontrol always="true">9000</defaultcontrol>
<!--<include>16x9_xPos_Relocation</include>-->
	<include>Window_OpenClose_Animation_Zoom</include>
	<onload>Control.SetFocus(99)</onload>
	<coordinates>
		<system>1</system>
		<posx>85</posx>
		<posy>10</posy>
	</coordinates>
	<controls>
		<include>BehindDialogFadeOut</include>
		<control type="image">
			<posx>0</posx>
			<posy>0</posy>
			<width>1040</width>
			<height>60</height>
			<texture border="5">dialogheader.png</texture>
		</control>
		<control type="label">
			<posx>20</posx>
			<posy>0</posy>
			<include>WindowTitleCommons</include>
			<width>1000</width>
			<label>$LOCALIZE[19142]</label>
		</control>
		<control type="group">
			<posx>970</posx>
			<posy>0</posy>
			<include>DialogCloseButtonCommons</include>
		</control>
		<control type="image">
			<posx>0</posx>
			<posy>60</posy>
			<width>1040</width>
			<height>600</height>
			<texture>dialog_back_black2.png</texture>
		</control>
		<control type="image">
			<posx>0</posx>
			<posy>60</posy>
			<width>1040</width>
			<height>70</height>
			<texture colordiffuse="40000000">black.png</texture>
		</control>
		<control type="edit" id="9">
			<description>Search button</description>
			<posx>0</posx>
			<posy>60</posy>
			<width>1040</width>
			<height>50</height>
			<label></label>
			<hinttext>&lt;$LOCALIZE[19133]&gt;</hinttext>
		</control>
		<control type="image">
			<posx>0</posx>
			<posy>110</posy>
			<width>1040</width>
			<height>2</height>
			<texture border="2">separator.png</texture>
		</control>
		<control type="image">
			<posx>0</posx>
			<posy>112</posy>
			<width>519</width>
			<height>420</height>
			<texture colordiffuse="40000000">black.png</texture>
		</control>
		<control type="grouplist">
			<posx>0</posx>
			<posy>112</posy>
			<itemgap>0</itemgap>
			<control type="radiobutton" id="10">
				<width>519</width>
				<height>50</height>
				<font>font25</font>
				<textoffsetx>12</textoffsetx>
				<texturefocus>button-focus2.png</texturefocus>
				<texturenofocus>button-nofocus.png</texturenofocus>
				<aligny>center</aligny>
				<pulseonselect>no</pulseonselect>
				<label>19134</label>
				<textcolor>FF000000</textcolor>
				<focusedcolor>FFFFFFFF</focusedcolor>
			</control>
			<control type="radiobutton" id="11">
				<width>519</width>
				<height>50</height>
				<font>font25</font>
				<textoffsetx>12</textoffsetx>
				<texturefocus>button-focus2.png</texturefocus>
				<texturenofocus>button-nofocus.png</texturenofocus>
				<label>19135</label>
				<textcolor>FF000000</textcolor>
				<focusedcolor>FFFFFFFF</focusedcolor>
			</control>
			<control type="edit" id="14">
				<width>519</width>
				<height>50</height>
				<font>font25</font>
				<textoffsetx>12</textoffsetx>
				<texturefocus>button-focus2.png</texturefocus>
				<texturenofocus>button-nofocus.png</texturenofocus>
				<aligny>center</aligny>
				<pulseonselect>no</pulseonselect>
				<label>19128</label>
				<textcolor>FF000000</textcolor>
				<focusedcolor>FFFFFFFF</focusedcolor>
			</control>
			<control type="edit" id="15">
				<width>519</width>
				<height>50</height>
				<font>font25</font>
				<textoffsetx>12</textoffsetx>
				<texturefocus>button-focus2.png</texturefocus>
				<texturenofocus>button-nofocus.png</texturenofocus>
				<aligny>center</aligny>
				<label>19129</label>
				<textcolor>FF000000</textcolor>
				<focusedcolor>FFFFFFFF</focusedcolor>
			</control>
			<control type="spincontrolex" id="18">
				<width>519</width>
				<height>50</height>
				<font>font25</font>
				<textoffsetx>12</textoffsetx>
				<texturefocus>button-focus2.png</texturefocus>
				<texturenofocus>button-nofocus.png</texturenofocus>
				<aligny>center</aligny>
				<pulseonselect>no</pulseonselect>
				<label>515</label>
				<textcolor>FF000000</textcolor>
				<focusedcolor>FFFFFFFF</focusedcolor>
			</control>
			<control type="radiobutton" id="20">
				<width>519</width>
				<height>50</height>
				<font>font25</font>
				<textoffsetx>12</textoffsetx>
				<texturefocus>button-focus2.png</texturefocus>
				<texturenofocus>button-nofocus.png</texturenofocus>
				<aligny>center</aligny>
				<pulseonselect>no</pulseonselect>
				<label>19132</label>
				<textcolor>FF000000</textcolor>
				<focusedcolor>FFFFFFFF</focusedcolor>
			</control>
			<control type="radiobutton" id="22">
				<width>519</width>
				<height>50</height>
				<font>font25</font>
				<textoffsetx>12</textoffsetx>
				<texturefocus>button-focus2.png</texturefocus>
				<texturenofocus>button-nofocus.png</texturenofocus>
				<aligny>center</aligny>
				<pulseonselect>no</pulseonselect>
				<label>19123</label>
				<textcolor>FF000000</textcolor>
				<focusedcolor>FFFFFFFF</focusedcolor>
			</control>
			<control type="radiobutton" id="24">
				<width>519</width>
				<height>50</height>
				<font>font25</font>
				<textoffsetx>12</textoffsetx>
				<texturefocus>button-focus2.png</texturefocus>
				<texturenofocus>button-nofocus.png</texturenofocus>
				<aligny>center</aligny>
				<pulseonselect>no</pulseonselect>
				<label>19124</label>
				<textcolor>FF000000</textcolor>
				<focusedcolor>FFFFFFFF</focusedcolor>
			</control>
		</control>
		<control type="image">
			<posx>519</posx>
			<posy>132</posy>
			<width>2</width>
			<height>400</height>
			<texture border="2">separator.png</texture>
		</control>
		<control type="image">
			<posx>521</posx>
			<posy>112</posy>
			<width>519</width>
			<height>420</height>
			<texture colordiffuse="40000000">black.png</texture>
		</control>
		<control type="grouplist">
			<posx>521</posx>
			<posy>112</posy>
			<itemgap>0</itemgap>
			<control type="spincontrolex" id="12">
				<width>519</width>
				<height>50</height>
				<font>font25</font>
				<textoffsetx>12</textoffsetx>
				<texturefocus>button-focus2.png</texturefocus>
				<texturenofocus>button-nofocus.png</texturenofocus>
				<aligny>center</aligny>
				<pulseonselect>no</pulseonselect>
				<label>19130</label>
				<textcolor>FF000000</textcolor>
				<focusedcolor>FFFFFFFF</focusedcolor>
			</control>
			<control type="spincontrolex" id="13">
				<width>519</width>
				<height>50</height>
				<font>font25</font>
				<textoffsetx>12</textoffsetx>
				<texturefocus>button-focus2.png</texturefocus>
				<texturenofocus>button-nofocus.png</texturenofocus>
				<label>19131</label>
				<textcolor>FF000000</textcolor>
				<focusedcolor>FFFFFFFF</focusedcolor>
			</control>
			<control type="edit" id="16">
				<width>519</width>
				<height>50</height>
				<font>font25</font>
				<textoffsetx>12</textoffsetx>
				<texturefocus>button-focus2.png</texturefocus>
				<texturenofocus>button-nofocus.png</texturenofocus>
				<aligny>center</aligny>
				<pulseonselect>no</pulseonselect>
				<label>19126</label>
				<textcolor>FF000000</textcolor>
				<focusedcolor>FFFFFFFF</focusedcolor>
			</control>
			<control type="edit" id="17">
				<width>519</width>
				<height>50</height>
				<font>font25</font>
				<textoffsetx>12</textoffsetx>
				<texturefocus>button-focus2.png</texturefocus>
				<texturenofocus>button-nofocus.png</texturenofocus>
				<aligny>center</aligny>
				<label>19127</label>
				<textcolor>FF000000</textcolor>
				<focusedcolor>FFFFFFFF</focusedcolor>
			</control>
			<control type="radiobutton" id="19">
				<width>519</width>
				<height>50</height>
				<font>font25</font>
				<textoffsetx>12</textoffsetx>
				<texturefocus>button-focus2.png</texturefocus>
				<texturenofocus>button-nofocus.png</texturenofocus>
				<aligny>center</aligny>
				<pulseonselect>no</pulseonselect>
				<label>19121</label>
				<textcolor>FF000000</textcolor>
				<focusedcolor>FFFFFFFF</focusedcolor>
			</control>
			<control type="spincontrolex" id="21">
				<width>519</width>
				<height>50</height>
				<font>font25</font>
				<textoffsetx>12</textoffsetx>
				<texturefocus>button-focus2.png</texturefocus>
				<texturenofocus>button-nofocus.png</texturenofocus>
				<label>19141</label>
				<textcolor>FF000000</textcolor>
				<focusedcolor>FFFFFFFF</focusedcolor>
			</control>
			<control type="spincontrolex" id="23">
				<width>519</width>
				<height>50</height>
				<font>font25</font>
				<textoffsetx>12</textoffsetx>
				<texturefocus>button-focus2.png</texturefocus>
				<texturenofocus>button-nofocus.png</texturenofocus>
				<label>19148</label>
				<textcolor>FF000000</textcolor>
				<focusedcolor>FFFFFFFF</focusedcolor>
			</control>
			<control type="radiobutton" id="27">
				<width>519</width>
				<height>50</height>
				<font>font25</font>
				<textoffsetx>12</textoffsetx>
				<texturefocus>button-focus2.png</texturefocus>
				<texturenofocus>button-nofocus.png</texturenofocus>
				<aligny>center</aligny>
				<pulseonselect>no</pulseonselect>
				<label>19125</label>
				<textcolor>FF000000</textcolor>
				<focusedcolor>FFFFFFFF</focusedcolor>
			</control>
		</control>
		<control type="grouplist" id="9000">
			<posx>0</posx>
			<posy>580</posy>
			<width>1040</width>
			<height>60</height>
			<itemgap>5</itemgap>
			<align>center</align>
			<orientation>horizontal</orientation>
			<onleft>9000</onleft>
			<onright>9000</onright>
			<onup>20</onup>
			<ondown>20</ondown>
			<control type="button" id="28">
				<description>Defaults button</description>
				<width>200</width>
				<include>ButtonInfoDialogsCommonValues</include>
				<label>13007</label>
			</control>
			<control type="button" id="25">
				<description>Cancel button</description>
				<width>200</width>
				<include>ButtonInfoDialogsCommonValues</include>
				<label>222</label>
			</control>
			<control type="button" id="26">
				<description>Search button</description>
				<width>200</width>
				<include>ButtonInfoDialogsCommonValues</include>
				<label>137</label>
			</control>
		</control>
	</controls>
</window>
