<?xml version="1.0" encoding="UTF-8"?>
<window>
<defaultcontrol always="true">10</defaultcontrol>
	<views>10</views>
	<onunload>ClearProperty(PopupMenuVisible,Home)</onunload>
	<onunload>ClearProperty(ViewMenuVisible,Home)</onunload>
	<onunload>Skin.Reset(MediaSubMenuVisible2)</onunload>
	<!--onload>Control.SetFocus(9002)</onload-->
	<onload>Skin.Reset(MediaSubMenuVisible2)</onload>
	<backgroundcolor>0</backgroundcolor>
	<controls>
		<include>CommonBackground</include>
		<!-- <include>CommonBackgroundOverlay</include> -->
		<include>MediaBladeLeft</include>
		<include>FileCountCommons</include>
		<include>HomeButtonCommons</include>
		<!-- <include>OptionsButtonCommons</include> -->
        <include>BottomNowPLaying</include>
		
		<control type="label">
			<description>Window label</description>
			<include>MediaWindowTitleCommons</include>
			<label>$VAR[PVRSection,, - ]$LOCALIZE[22020]$INFO[Control.GetLabel(29), - ]$INFO[Control.GetLabel(30), - ]</label>
		</control>
		<control type="label" id="29">
			<visible>False</visible>
		</control>
		<control type="label" id="30">
			<visible>False</visible>
		</control>
		<control type="group">
			<include>Window_OpenClose_Animation_Zoom</include>
			<include content="PVREPG" condition="String.IsEqual(Skin.AspectRatio,16:9)"> <!-- view id = 10 -->
				<param name="panel-width" value="1530"/>
			</include>
			<include content="PVREPG" condition="String.IsEqual(Skin.AspectRatio,4:3)"> <!-- view id = 10 -->
				<param name="panel-width" value="1090"/>
			</include>
			<include content="PVREPGInfo" condition="String.IsEqual(Skin.AspectRatio,16:9)">
				<param name="panel-width" value="1530"/>
				<param name="textbox-width" value="1160"/>
			</include>
			<include content="PVREPGInfo" condition="String.IsEqual(Skin.AspectRatio,4:3)">
				<param name="panel-width" value="1090"/>
				<param name="textbox-width" value="720"/>
			</include>
		</control>
		<include>MediaSubMenu</include>
		<include>BehindDialogFadeOut</include>
	   	<include>VolumeOverlay</include>
	</controls>
</window>
