<window id="111">
	<defaultcontrol always="true">13</defaultcontrol>
	<coordinates>
		<system>1</system>
		<posx>468</posx>
		<posy>110</posy>
	</coordinates>
	<controls>
		<include>Shadow Background for dialogs without BehindDialogFadeOut include</include>
		<control type="image">
			<posx>0</posx>
			<posy>0</posy>
			<width>350</width>
			<height>60</height>
			<texture border="5">dialogheader.png</texture>
		</control>
		<control type="label">
			<description>header label</description>
			<posx>20</posx>
			<posy>0</posy>
			<include>WindowTitleCommons</include>
			<width>350</width>
			<label>$LOCALIZE[13016]</label>
		</control>
		<control type="group">
			<posx>290</posx>
			<posy>0</posy>
			<include>DialogCloseButtonCommons</include>
		</control>
		<control type="image">
			<posx>0</posx>
			<posy>60</posy>
			<width>350</width>
			<height>350</height>
			<texture>dialog_back_black2.png</texture>
		</control>
		<control type="group">
			<posy>70</posy>
			<posx>0</posx>
			<include>VisibleFadeEffect</include>
			<control type="list" id="13">
				<posx>0</posx>
				<posy>0</posy>
				<width>350</width>
				<height>300</height>
				<onleft>0</onleft>
				<onright>0</onright>
				<onup>9000</onup>
				<ondown>61</ondown>
				<pagecontrol></pagecontrol>
				<scrolltime>200</scrolltime>
				<itemlayout height="50">
					<control type="label">
						<posx>0</posx>
						<posy>0</posy>
						<width>350</width>
						<height>50</height>
						<font>font24_title</font>
						<align>center</align>
						<aligny>center</aligny>
						<selectedcolor>selected</selectedcolor>
						<label>$INFO[ListItem.Label]</label>
					</control>
					<!--control type="label">
						<posx>210</posx>
						<posy>0</posy>
						<width>350</width>
						<height>50</height>
						<font>font24</font>
						<align>center</align>
						<aligny>center</aligny>
						<selectedcolor>white</selectedcolor>
						<label>$INFO[ListItem.Label2]</label>
					</control-->
				</itemlayout>
				<focusedlayout height="50">
					<control type="image">
						<posx>0</posx>
						<posy>0</posy>
						<width>350</width>
						<height>50</height>
						<texture>buttonbg-white20.png</texture>
						<include>VisibleFadeEffect</include>
					</control>
					<control type="label">
						<posx>0</posx>
						<posy>0</posy>
						<width>350</width>
						<height>50</height>
						<font>font24_title</font>
						<align>center</align>
						<aligny>center</aligny>
						<selectedcolor>selected</selectedcolor>
						<label>$INFO[ListItem.Label]</label>
					</control>
					<!--control type="label">
						<posx>210</posx>
						<posy>0</posy>
						<width>750</width>
						<height>50</height>
						<font>font24</font>
						<align>left</align>
						<aligny>center</aligny>
						<selectedcolor>white</selectedcolor>
						<label>$INFO[ListItem.Label2]</label>
					</control-->
				</focusedlayout>
				<content>
					<item>
						<label>$LOCALIZE[13012]</label>
						<onclick>Quit()</onclick>
						<visible>System.ShowExitButton</visible>
					</item>
					<item>
						<label>$LOCALIZE[13016]</label>
						<onclick>Powerdown()</onclick>
						<visible>System.CanPowerDown</visible>
					</item>
					<item>
						<label>$LOCALIZE[20150]</label>
						<onclick>AlarmClock(shutdowntimer,Shutdown())</onclick>
						<visible>!System.HasAlarm(shutdowntimer)</visible>
						<visible>System.CanPowerDown | System.CanSuspend | System.CanHibernate</visible>
					</item>
					<item>
						<label>$LOCALIZE[20151] $INFO[System.AlarmPos,(,)]</label>
						<onclick>CancelAlarm(shutdowntimer)</onclick>
						<visible>System.HasAlarm(shutdowntimer)</visible>
					</item>
					<item>
						<label>$LOCALIZE[13011]</label>
						<onclick>Suspend()</onclick>
						<visible>System.CanSuspend</visible>
					</item>
					<item>
						<label>$LOCALIZE[13010]</label>
						<onclick>Hibernate()</onclick>
						<visible>System.CanHibernate</visible>
					</item>
					<item>
						<label>$LOCALIZE[13013]</label>
						<onclick>Reset()</onclick>
						<visible>System.CanReboot</visible>
					</item>
					<item>
						<label>$LOCALIZE[20126] $INFO[system.profilename]</label>
						<onclick>dialog.close(all,true)</onclick>
						<onclick>System.LogOff</onclick>
						<visible>System.HasLoginScreen | Integer.IsGreater(System.ProfileCount,1)</visible>
						<visible>System.Loggedon</visible>
					</item>
					<item>
						<label>$VAR[MasterModeLabel]</label>
						<onclick>mastermode</onclick>
						<visible>System.HasLocks</visible>
					</item>
					<item>
						<label>$LOCALIZE[13017]</label>
						<onclick>InhibitIdleShutdown(true)</onclick>
						<visible>System.HasShutdown +!System.IsInhibit</visible>
					</item>
					<item>
						<label>$LOCALIZE[13018]</label>
						<onclick>InhibitIdleShutdown(false)</onclick>
						<visible>System.HasShutdown + System.IsInhibit</visible>
					</item>
				</content>
			</control>
		</control>
	</controls>
</window>


		
		
		
			<!--control type="panel" id="9000">
				<include>ButtonMenuList</include>
				<content>
					<item>
						<label>$LOCALIZE[13012]</label>
						<onclick>Quit()</onclick>
						<visible>System.ShowExitButton</visible>
					</item>
					<item>
						<label>$LOCALIZE[13016]</label>
						<onclick>Powerdown()</onclick>
						<visible>System.CanPowerDown</visible>
					</item>
					<item>
						<label>$LOCALIZE[20150]</label>
						<onclick>AlarmClock(shutdowntimer,Shutdown())</onclick>
						<visible>!System.HasAlarm(shutdowntimer)</visible>
						<visible>System.CanPowerDown | System.CanSuspend | System.CanHibernate</visible>
					</item>
					<item>
						<label>$LOCALIZE[20151] $INFO[System.AlarmPos,(,)]</label>
						<onclick>CancelAlarm(shutdowntimer)</onclick>
						<visible>System.HasAlarm(shutdowntimer)</visible>
					</item>
					<item>
						<label>$LOCALIZE[13011]</label>
						<onclick>Suspend()</onclick>
						<visible>System.CanSuspend</visible>
					</item>
					<item>
						<label>$LOCALIZE[13010]</label>
						<onclick>Hibernate()</onclick>
						<visible>System.CanHibernate</visible>
					</item>
					<item>
						<label>$LOCALIZE[13013]</label>
						<onclick>Reset()</onclick>
						<visible>System.CanReboot</visible>
					</item>
					<item>
						<label>$LOCALIZE[20126] $INFO[system.profilename]</label>
						<onclick>dialog.close(all,true)</onclick>
						<onclick>System.LogOff</onclick>
						<visible>System.HasLoginScreen | Integer.IsGreater(System.ProfileCount,1)</visible>
						<visible>System.Loggedon</visible>
					</item>
					<item>
						<label>$VAR[MasterModeLabel]</label>
						<onclick>mastermode</onclick>
						<visible>System.HasLocks</visible>
					</item>
					<item>
						<label>$LOCALIZE[13017]</label>
						<onclick>InhibitIdleShutdown(true)</onclick>
						<visible>System.HasShutdown +!System.IsInhibit</visible>
					</item>
					<item>
						<label>$LOCALIZE[13018]</label>
						<onclick>InhibitIdleShutdown(false)</onclick>
						<visible>System.HasShutdown + System.IsInhibit</visible>
					</item>
				</content>
			</control>
		</control>
	</controls>
</window-->
