<?xml version="1.0" encoding="UTF-8"?>
<fonts>
	<fontset id="Default" idloc="31390" unicode="true"> 
	<!-- Normal Fonts -->
		<font>
			<name>font12</name>
			<filename>RobotoCondensed-Light.ttf</filename>
			<size>12</size>
		</font>
		<font>
			<name>font13</name>
			<filename>RobotoCondensed-Light.ttf</filename>
			<size>22</size>
		</font>
		<font>
			<name>font14</name>
			<filename>RobotoCondensed-Light.ttf</filename>
			<size>14</size>
		</font>
		<font>
			<name>font16</name>
			<filename>RobotoCondensed-Light.ttf</filename>
			<size>16</size>
		</font>
		<font>
			<name>font20</name>
			<filename>RobotoCondensed-Light.ttf</filename>
			<size>20</size>
		</font>
		<font>
			<name>font22</name>
			<filename>RobotoCondensed-Light.ttf</filename>
			<size>22</size>
		</font>
		<font>
			<name>font23</name>
			<filename>RobotoCondensed-Light.ttf</filename>
			<size>23</size>
		</font>
		<font>
			<name>font24</name>
			<filename>RobotoCondensed-Light.ttf</filename>
			<size>24</size>
		</font>
		<font>
			<name>font25</name>
			<filename>RobotoCondensed-Light.ttf</filename>
			<size>25</size>
		</font>
		<font>
			<name>font26</name>
			<filename>RobotoCondensed-Light.ttf</filename>
			<size>26</size>
		</font>
		<font>
			<name>font28</name>
			<filename>RobotoCondensed-Light.ttf</filename>
			<size>28</size>
		</font>
		<font>
			<name>font30</name>
			<filename>RobotoCondensed-Light.ttf</filename>
			<size>30</size>
		</font>
		<font>
			<name>font33</name>
			<filename>RobotoCondensed-Light.ttf</filename>
			<size>33</size>
		</font>
		<font>
			<name>font36</name>
			<filename>RobotoCondensed-Light.ttf</filename>
			<size>36</size>
		</font>
		<font>
			<name>font40</name>
			<filename>RobotoCondensed-Light.ttf</filename>
			<size>40</size>
		</font>
		<font>
			<name>font44</name>
			<filename>RobotoCondensed-Light.ttf</filename>
			<size>44</size>
		</font>

	<!-- Title Fonts -->
		<font>
			<name>font11_title</name>
			<filename>Roboto-Regular.ttf</filename>
			<size>11</size>
		</font>
		<font>
			<name>font14_title</name>
			<filename>Roboto-Regular.ttf</filename>
			<size>14</size>
		</font>
		<font>
			<name>font16_title</name>
			<filename>Roboto-Regular.ttf</filename>
			<size>16</size>
		</font>
		<font>
			<name>font20_title</name>
			<filename>Roboto-Regular.ttf</filename>
			<size>20</size>
		</font>
		<font>
			<name>font22_title</name>
			<filename>Roboto-Regular.ttf</filename>
			<size>22</size>
		</font>
		<font>
			<name>font24_title</name>
			<filename>Roboto-Regular.ttf</filename>
			<size>24</size>
		</font>
		<font>
			<name>font26_title</name>
			<filename>Roboto-Regular.ttf</filename>
			<size>26</size>
		</font>
		<font>
			<name>font28_title</name>
			<filename>Roboto-Regular.ttf</filename>
			<size>28</size>
		</font>
		<font>
			<name>font30_title</name>
			<filename>Roboto-Regular.ttf</filename>
			<size>30</size>
		</font>
		<font>
			<name>font34_title</name>
			<filename>Roboto-Regular.ttf</filename>
			<size>34</size>
		</font>
		<font>
			<name>font35_title</name>
			<filename>Roboto-Regular.ttf</filename>
			<size>35</size>
		</font>
		<font>
			<name>font36_title</name>
			<filename>Roboto-Regular.ttf</filename>
			<size>36</size>
		</font>
		<font>
			<name>font44_title</name>
			<filename>RobotoCondensed-Light.ttf</filename>
			<size>44</size>
		</font>
		<font>
			<name>font50_title</name>
			<filename>RobotoCondensed-Light.ttf</filename>
			<size>50</size>
		</font>
		<font>
			<name>font60_title</name>
			<filename>RobotoCondensed-Light.ttf</filename>
			<size>60</size>
		</font>
		<font>
			<name>font70_title</name>
			<filename>RobotoCondensed-Light.ttf</filename>
			<size>70</size>
		</font>
		<font>
			<name>font80_title</name>
			<filename>RobotoCondensed-Light.ttf</filename>
			<size>80</size>
		</font>		
		<font>
			<name>font90_title</name>
			<filename>RobotoCondensed-Light.ttf</filename>
			<size>90</size>
		</font>		
		<font>
			<name>font140_title</name>
			<filename>Roboto-Thin.ttf</filename>
			<size>140</size>
		</font>

	<!-- Title Fonts Bold -->		
		<font>
			<name>font18_bold</name>
			<filename>Roboto-Bold.ttf</filename>
			<size>18</size>
		</font>		
		<font>
			<name>font20_bold</name>
			<filename>Roboto-Bold.ttf</filename>
			<size>20</size>
		</font>		
		<font>
			<name>font22_bold</name>
			<filename>Roboto-Bold.ttf</filename>
			<size>22</size>
		</font>		
		<font>
			<name>font24_bold</name>
			<filename>Roboto-Bold.ttf</filename>
			<size>24</size>
		</font>		
		<font>
			<name>font40_bold</name>
			<filename>Roboto-Bold.ttf</filename>
			<size>40</size>
		</font>		
		<font>
			<name>font70_bold</name>
			<filename>Roboto-Regular.ttf</filename>
			<size>70</size>
		</font>
		<font>
			<name>font80_bold</name>
			<filename>Roboto-Regular.ttf</filename>
			<size>80</size>
		</font>

	<!-- Button Fonts -->
		<font>
			<name>button24_title</name>
			<filename>Roboto-Light.ttf</filename>
			<size>24</size>
		</font>
		<font>
			<name>button36_title</name>
			<filename>Roboto-Light.ttf</filename>
			<size>36</size>
		</font>	
		<font>
			<name>button28_title</name>
			<filename>Roboto-Light.ttf</filename>
			<size>28</size>
		</font>	
		<font>
			<name>button34_title</name>
			<filename>Roboto-Light.ttf</filename>
			<size>34</size>
		</font>

	<!-- Header Fonts -->
		<font>
			<name>header36_title</name>
			<filename>Roboto-Light.ttf</filename>
			<size>36</size>
		</font>
		<font>
			<name>header50_title</name>
			<filename>Roboto-Light.ttf</filename>
			<size>50</size>
		</font>
		<font>
			<name>header60_title</name>
			<filename>Roboto-Light.ttf</filename>
			<size>60</size>
		</font>
		<font>
			<name>header80_title</name>
			<filename>Roboto-Light.ttf</filename>
			<size>80</size>
		</font>
		<font>
			<name>header90_title</name>
			<filename>Roboto-Light.ttf</filename>
			<size>90</size>
		</font>
		<font>
			<name>header100_title</name>
			<filename>Roboto-Light.ttf</filename>
			<size>100</size>
		</font>
		<font>
			<name>WeatherTemp</name>
			<filename>Roboto-Regular.ttf</filename>
			<size>80</size>
		</font>

	<!-- Special Fonts -->
		<font>
			<name>TimeFont80</name>
			<filename>led16sgmnt2-Regular.ttf</filename>
			<size>80</size>
		</font>
		<font>
			<name>DejaVuSansB160</name>
			<filename>Roboto-Regular.ttf</filename>
			<size>160</size>
		</font>

<!-- Addon fonts -->

<font>
	<name>osmc_addon_Font60</name>
	<filename>OpenSans-Regular.ttf</filename>
	<size>60</size>
</font>
<font>
	<name>osmc_addon_Font40</name>
	<filename>OpenSans-Regular.ttf</filename>
	<size>40</size>
</font>
<font>
	<name>osmc_addon_Font30</name>
	<filename>OpenSans-Regular.ttf</filename>
	<linespacing>0.88</linespacing>
	<size>30</size>
</font>
<font>
	<name>osmc_addon_Font26</name>
	<filename>OpenSans-Regular.ttf</filename>
	<linespacing>0.88</linespacing>
	<size>26</size>
</font>

<!-- Old addon fonts -->

<font>
	<name>osmc_addon_OLD_Font72</name>
	<filename>Roboto-Light.ttf</filename>
	<size>72</size>
</font>
<font>
	<name>osmc_addon_OLD_Font48</name>
	<filename>Roboto-Light.ttf</filename>
	<size>48</size>
</font>
<font>
	<name>osmc_addon_OLD_Font42</name>
	<filename>Roboto-Light.ttf</filename>
	<size>42</size>
</font>
<font>
	<name>osmc_addon_OLD_Font36</name>
	<filename>Roboto-Light.ttf</filename>
	<size>36</size>
	<linespacing>1.3</linespacing>
</font>
<font>
	<name>osmc_addon_OLD_Font33</name>
	<filename>Roboto-Light.ttf</filename>
	<size>33</size>
</font>
<font>
	<name>osmc_addon_OLD_Font30</name>
	<filename>Roboto-Light.ttf</filename>
	<size>30</size>
</font>
<font>
	<name>osmc_addon_OLD_Font27</name>
	<filename>Roboto-Light.ttf</filename>
	<size>27</size>
	<linespacing>1.3</linespacing>
</font>
<font>
	<name>osmc_addon_OLD_Font25</name>
	<filename>Roboto-Light.ttf</filename>
	<size>25</size>
	<linespacing>1.3</linespacing>
</font>

<!-- Addon 720 fonts -->

<font>
	<name>osmc_addon_720_Font60</name>
	<filename>OpenSans-Regular.ttf</filename>
	<size>40</size>
</font>
<font>
	<name>osmc_addon_720_Font40</name>
	<filename>OpenSans-Regular.ttf</filename>
	<size>27</size>
</font>
<font>
	<name>osmc_addon_720_Font30</name>
	<filename>OpenSans-Regular.ttf</filename>
	<linespacing>0.88</linespacing>
	<size>20</size>
</font>
<font>
	<name>osmc_addon_720_Font26</name>
	<filename>OpenSans-Regular.ttf</filename>
	<linespacing>0.88</linespacing>
	<size>17</size>
</font>

<!-- Old addon 720 fonts -->

<font>
	<name>osmc_addon_720_OLD_Font72</name>
	<filename>Roboto-Light.ttf</filename>
	<size>48</size>
</font>
<font>
	<name>osmc_addon_720_OLD_Font48</name>
	<filename>Roboto-Light.ttf</filename>
	<size>32</size>
</font>
<font>
	<name>osmc_addon_720_OLD_Font42</name>
	<filename>Roboto-Light.ttf</filename>
	<size>28</size>
</font>
<font>
	<name>osmc_addon_720_OLD_Font36</name>
	<filename>Roboto-Light.ttf</filename>
	<size>24</size>
	<linespacing>1.3</linespacing>
</font>
<font>
	<name>osmc_addon_720_OLD_Font33</name>
	<filename>Roboto-Light.ttf</filename>
	<size>22</size>
</font>
<font>
	<name>osmc_addon_720_OLD_Font30</name>
	<filename>Roboto-Light.ttf</filename>
	<size>20</size>
</font>
<font>
	<name>osmc_addon_720_OLD_Font27</name>
	<filename>Roboto-Light.ttf</filename>
	<size>18</size>
	<linespacing>1.3</linespacing>
</font>
<font>
	<name>osmc_addon_720_OLD_Font25</name>
	<filename>Roboto-Light.ttf</filename>
	<size>17</size>
	<linespacing>1.3</linespacing>
</font>

<!-- new addon fonts -->
	<font>
		<name>osmc_addon_XLarge</name>
		<filename>NotoSans-Regular.ttf</filename>
		<linespacing>0.94</linespacing>
		<size>48</size>
	</font>
	<font>
		<name>osmc_addon_Large</name>
		<filename>NotoSans-Regular.ttf</filename>
		<linespacing>0.94</linespacing>
		<size>43</size>
	</font>
	<font>
		<name>osmc_addon_Med</name>
		<filename>NotoSans-Regular.ttf</filename>
		<linespacing>0.94</linespacing>
		<size>38</size>
	</font>
	<font>
		<name>osmc_addon_Small</name>
		<filename>NotoSans-Regular.ttf</filename>
		<linespacing>0.94</linespacing>
		<size>33</size>
	</font>
	<font>
		<name>osmc_addon_XSmall</name>
		<filename>NotoSans-Regular.ttf</filename>
		<linespacing>0.94</linespacing>
		<size>28</size>
	</font>

	<font>
		<name>osmc_addon_font13</name>
		<filename>Arial.ttf</filename>
		<linespacing>0.94</linespacing>
		<size>21</size>
	</font>

<!-- new addon 720 fonts -->

	<font>
		<name>osmc_addon_720_XLarge</name>
		<filename>NotoSans-Regular.ttf</filename>
		<linespacing>0.94</linespacing>
		<size>32</size>
	</font>
	<font>
		<name>osmc_addon_720_Large</name>
		<filename>NotoSans-Regular.ttf</filename>
		<linespacing>0.94</linespacing>
		<size>29</size>
	</font>
	<font>
		<name>osmc_addon_720_Med</name>
		<filename>NotoSans-Regular.ttf</filename>
		<linespacing>0.94</linespacing>
		<size>25</size>
	</font>
	<font>
		<name>osmc_addon_720_Small</name>
		<filename>NotoSans-Regular.ttf</filename>
		<linespacing>0.94</linespacing>
		<size>22</size>
	</font>
	<font>
		<name>osmc_addon_720_XSmall</name>
		<filename>NotoSans-Regular.ttf</filename>
		<linespacing>0.94</linespacing>
		<size>19</size>
	</font>

	<font>
		<name>osmc_addon_720_font13</name>
		<filename>Arial.ttf</filename>
		<linespacing>0.94</linespacing>
		<size>14</size>
	</font>		</fontset>

	<fontset id="Arial" idloc="31391" unicode="true"> 
	<!-- Normal Fonts -->
		<font>
			<name>font12</name>
			<filename>Arial.ttf</filename>
			<size>12</size>
		</font>
		<font>
			<name>font14</name>
			<filename>Arial.ttf</filename>
			<size>14</size>
		</font>
		<font>
			<name>font16</name>
			<filename>Arial.ttf</filename>
			<size>16</size>
		</font>
		<font>
			<name>font20</name>
			<filename>Arial.ttf</filename>
			<size>20</size>
		</font>
		<font>
			<name>font23</name>
			<filename>Arial.ttf</filename>
			<size>25</size>
		</font>
		<font>
			<name>font30</name>
			<filename>Arial.ttf</filename>
			<size>30</size>
		</font>
		<font>
			<name>font40</name>
			<filename>Arial.ttf</filename>
			<size>40</size>
		</font>
	<!-- Title Fonts -->
		<font>
			<name>font11_title</name>
			<filename>Arial.ttf</filename>
			<size>11</size>
			<style>bold</style>
		</font>
		<font>
			<name>font14_title</name>
			<filename>Arial.ttf</filename>
			<size>14</size>
			<style>bold</style>
		</font>
		<font>
			<name>font16_title</name>
			<filename>Arial.ttf</filename>
			<size>16</size>
			<style>bold</style>
		</font>
		<font>
			<name>font20_title</name>
			<filename>Arial.ttf</filename>
			<size>20</size>
			<style>bold</style>
		</font>
		<font>
			<name>font24_title</name>
			<filename>Arial.ttf</filename>
			<size>24</size>
			<style>bold</style>
		</font>
		<font>
			<name>font28_title</name>
			<filename>Arial.ttf</filename>
			<size>28</size>
			<style>bold</style>
		</font>
		<font>
			<name>font30_title</name>
			<filename>Arial.ttf</filename>
			<size>30</size>
			<style>bold</style>
		</font>
		<font>
			<name>WeatherTemp</name>
			<filename>Arial.ttf</filename>
			<size>80</size>
			<style>bold</style>
		</font>
	</fontset>
	
	<fontset id="NotoSans (Greek & Cyrillic)" unicode="true"> 
	<!-- Normal Fonts -->
		<font>
			<name>font12</name>
			<filename>NotoSans-CondensedLight.ttf</filename>
			<size>12</size>
		</font>
		<font>
			<name>font13</name>
			<filename>NotoSans-CondensedLight.ttf</filename>
			<size>22</size>
		</font>
		<font>
			<name>font14</name>
			<filename>NotoSans-CondensedLight.ttf</filename>
			<size>14</size>
		</font>
		<font>
			<name>font16</name>
			<filename>NotoSans-CondensedLight.ttf</filename>
			<size>16</size>
		</font>
		<font>
			<name>font20</name>
			<filename>NotoSans-CondensedLight.ttf</filename>
			<size>20</size>
		</font>
		<font>
			<name>font22</name>
			<filename>NotoSans-CondensedLight.ttf</filename>
			<size>22</size>
		</font>
		<font>
			<name>font23</name>
			<filename>NotoSans-CondensedLight.ttf</filename>
			<size>23</size>
		</font>
		<font>
			<name>font24</name>
			<filename>NotoSans-CondensedLight.ttf</filename>
			<size>24</size>
		</font>
		<font>
			<name>font25</name>
			<filename>NotoSans-CondensedLight.ttf</filename>
			<size>25</size>
		</font>
		<font>
			<name>font26</name>
			<filename>NotoSans-CondensedLight.ttf</filename>
			<size>26</size>
		</font>
		<font>
			<name>font28</name>
			<filename>NotoSans-CondensedLight.ttf</filename>
			<size>28</size>
		</font>
		<font>
			<name>font30</name>
			<filename>NotoSans-CondensedLight.ttf</filename>
			<size>30</size>
		</font>
		<font>
			<name>font33</name>
			<filename>NotoSans-CondensedLight.ttf</filename>
			<size>33</size>
		</font>
		<font>
			<name>font36</name>
			<filename>NotoSans-CondensedLight.ttf</filename>
			<size>36</size>
		</font>
		<font>
			<name>font40</name>
			<filename>NotoSans-CondensedLight.ttf</filename>
			<size>40</size>
		</font>
		<font>
			<name>font44</name>
			<filename>NotoSans-CondensedLight.ttf</filename>
			<size>44</size>
		</font>

	<!-- Title Fonts -->
		<font>
			<name>font11_title</name>
			<filename>NotoSans-Regular.ttf</filename>
			<size>11</size>
		</font>
		<font>
			<name>font14_title</name>
			<filename>NotoSans-Regular.ttf</filename>
			<size>14</size>
		</font>
		<font>
			<name>font16_title</name>
			<filename>NotoSans-Regular.ttf</filename>
			<size>16</size>
		</font>
		<font>
			<name>font20_title</name>
			<filename>NotoSans-Regular.ttf</filename>
			<size>20</size>
		</font>
		<font>
			<name>font22_title</name>
			<filename>NotoSans-Regular.ttf</filename>
			<size>21</size>
		</font>
		<font>
			<name>font24_title</name>
			<filename>NotoSans-Regular.ttf</filename>
			<size>24</size>
		</font>
		<font>
			<name>font26_title</name>
			<filename>NotoSans-Regular.ttf</filename>
			<size>26</size>
		</font>
		<font>
			<name>font28_title</name>
			<filename>NotoSans-Regular.ttf</filename>
			<size>28</size>
		</font>
		<font>
			<name>font30_title</name>
			<filename>NotoSans-Regular.ttf</filename>
			<size>30</size>
		</font>
		<font>
			<name>font34_title</name>
			<filename>NotoSans-Regular.ttf</filename>
			<size>34</size>
		</font>
		<font>
			<name>font35_title</name>
			<filename>NotoSans-Regular.ttf</filename>
			<size>35</size>
		</font>
		<font>
			<name>font36_title</name>
			<filename>NotoSans-Regular.ttf</filename>
			<size>36</size>
		</font>
		<font>
			<name>font44_title</name>
			<filename>NotoSans-CondensedLight.ttf</filename>
			<size>44</size>
		</font>
		<font>
			<name>font50_title</name>
			<filename>NotoSans-CondensedLight.ttf</filename>
			<size>50</size>
		</font>
		<font>
			<name>font60_title</name>
			<filename>NotoSans-CondensedLight.ttf</filename>
			<size>60</size>
		</font>
		<font>
			<name>font70_title</name>
			<filename>NotoSans-CondensedLight.ttf</filename>
			<size>70</size>
		</font>
		<font>
			<name>font80_title</name>
			<filename>NotoSans-CondensedLight.ttf</filename>
			<size>80</size>
		</font>		
		<font>
			<name>font90_title</name>
			<filename>NotoSans-CondensedLight.ttf</filename>
			<size>90</size>
		</font>		
		<font>
			<name>font140_title</name>
			<filename>NotoSans-Thin.ttf</filename>
			<size>140</size>
		</font>

	<!-- Title Fonts Bold -->		
		<font>
			<name>font18_bold</name>
			<filename>NotoSans-Bold.ttf</filename>
			<size>18</size>
		</font>		
		<font>
			<name>font20_bold</name>
			<filename>NotoSans-Bold.ttf</filename>
			<size>20</size>
		</font>		
		<font>
			<name>font22_bold</name>
			<filename>NotoSans-Bold.ttf</filename>
			<size>22</size>
		</font>		
		<font>
			<name>font24_bold</name>
			<filename>NotoSans-Bold.ttf</filename>
			<size>24</size>
		</font>		
		<font>
			<name>font40_bold</name>
			<filename>NotoSans-Bold.ttf</filename>
			<size>40</size>
		</font>		
		<font>
			<name>font70_bold</name>
			<filename>NotoSans-Regular.ttf</filename>
			<size>70</size>
		</font>
		<font>
			<name>font80_bold</name>
			<filename>NotoSans-Regular.ttf</filename>
			<size>80</size>
		</font>

	<!-- Button Fonts -->
		<font>
			<name>button24_title</name>
			<filename>NotoSans-Light.ttf</filename>
			<size>24</size>
		</font>
		<font>
			<name>button36_title</name>
			<filename>NotoSans-Light.ttf</filename>
			<size>36</size>
		</font>	
		<font>
			<name>button28_title</name>
			<filename>NotoSans-Light.ttf</filename>
			<size>28</size>
		</font>	
		<font>
			<name>button34_title</name>
			<filename>NotoSans-Light.ttf</filename>
			<size>34</size>
		</font>

	<!-- Header Fonts -->
		<font>
			<name>header36_title</name>
			<filename>NotoSans-Light.ttf</filename>
			<size>36</size>
		</font>
		<font>
			<name>header50_title</name>
			<filename>NotoSans-Light.ttf</filename>
			<size>50</size>
		</font>
		<font>
			<name>header60_title</name>
			<filename>NotoSans-Light.ttf</filename>
			<size>60</size>
		</font>
		<font>
			<name>header80_title</name>
			<filename>NotoSans-Light.ttf</filename>
			<size>80</size>
		</font>
		<font>
			<name>header90_title</name>
			<filename>NotoSans-Light.ttf</filename>
			<size>90</size>
		</font>
		<font>
			<name>header100_title</name>
			<filename>NotoSans-Light.ttf</filename>
			<size>100</size>
		</font>
		<font>
			<name>WeatherTemp</name>
			<filename>NotoSans-Regular.ttf</filename>
			<size>80</size>
		</font>

	<!-- Special Fonts -->
		<font>
			<name>TimeFont80</name>
			<filename>led16sgmnt2-Regular.ttf</filename>
			<size>80</size>
		</font>
		<font>
			<name>DejaVuSansB160</name>
			<filename>NotoSans-Regular.ttf</filename>
			<size>160</size>
		</font>
	</fontset>

</fonts>
