<includes>
	<include name="PVRBack">
		<control type="image">
			<posx>115</posx>
			<posy>115</posy>
			<width>1540</width>
			<height>760</height>
			<texture>black.png</texture>
			<bordertexture border="6">thumbshadow.png</bordertexture>
			<bordersize>5</bordersize>
			<visible>String.IsEqual(Skin.AspectRatio,16:9) + Control.IsVisible(10)</visible>
		</control>
		<control type="image">
			<posx>115</posx>
			<posy>115</posy>
			<width>1100</width>
			<height>760</height>
			<texture>black.png</texture>
			<bordertexture border="6">thumbshadow.png</bordertexture>
			<bordersize>5</bordersize>
			<visible>String.IsEqual(Skin.AspectRatio,4:3) + Control.IsVisible(10)</visible>
		</control>
	</include>
	<include name="PVRList">
		<control type="list" id="50">
			<posx>80</posx>
			<posy>80</posy>
			<width>530</width>
			<height>530</height>
			<onleft>556</onleft>
			<onright>60</onright>
			<onup>50</onup>
			<ondown>50</ondown>			
			<viewtype label="535">list</viewtype>
			<pagecontrol>60</pagecontrol>
			<scrolltime>200</scrolltime>
			<preloaditems>2</preloaditems>
			<itemlayout height="63" width="500">
				<control type="image">
					<posx>20</posx>
					<posy>5</posy>
					<width>70</width>
					<height>60</height>
					<texture background="true">$VAR[PosterThumb]</texture>
					<aspectratio>keep</aspectratio>
				</control>
				<control type="label">
					<posx>420</posx>
					<posy>5</posy>
					<width>70</width>
					<height>50</height>
					<font>font28_title</font>
					<selectedcolor>selected</selectedcolor>
					<align>center</align>
					<aligny>center</aligny>
					<label>$INFO[ListItem.ChannelNumberLabel]</label>
				</control>
				<control type="progress">
					<posx>420</posx>
					<posy>20</posy>
					<width>70</width>
					<height>60</height>
					<visible>ListItem.HasEpg</visible>
					<info>ListItem.Progress</info>
				</control>
				<control type="label">
					<posx>110</posx>
					<posy>0</posy>
					<width>300</width>
					<height>60</height>
					<font>font24_title</font>
					<selectedcolor>selected</selectedcolor>
					<align>left</align>
					<aligny>center</aligny>
					<label>$INFO[ListItem.ChannelName]</label>
				</control>
				<control type="label">
					<posx>110</posx>
					<posy>30</posy>
					<width>300</width>
					<height>60</height>
					<font>font20</font>
					<selectedcolor>selected</selectedcolor>
					<align>left</align>
					<aligny>center</aligny>
					<label>$VAR[PVRListLabel]</label>
				</control>
				<control type="label">
					<posx>110</posx>
					<posy>30</posy>
					<width>300</width>
					<height>40</height>
					<font>font20</font>
					<selectedcolor>selected</selectedcolor>
					<align>left</align>
					<aligny>center</aligny>
					<label>$INFO[ListItem.Title]</label>
					<autoscroll delay="2000" time="2000" repeat="2000">True</autoscroll>
				</control>
			</itemlayout>
			<focusedlayout height="72" width="510">
				<control type="image">
					<posx>0</posx>
					<posy>0</posy>
					<width>500</width>
					<height>72</height>
					<texture>radiolistbg20.png</texture>
					<include>VisibleFadeEffect</include>
				</control>
				<control type="image">
					<posx>10</posx>
					<posy>0</posy>
					<width>80</width>
					<height>70</height>
					<texture background="true">$VAR[PosterThumb]</texture>
					<aspectratio>keep</aspectratio>
				</control>
				<control type="label">
					<posx>420</posx>
					<posy>5</posy>
					<width>70</width>
					<height>50</height>
					<font>font28_title</font>
					<selectedcolor>selected</selectedcolor>
					<align>center</align>
					<aligny>center</aligny>
					<label>[COLOR red]$INFO[ListItem.ChannelNumberLabel][/COLOR]</label>
				</control>
				<control type="progress">
					<posx>420</posx>
					<posy>20</posy>
					<width>70</width>
					<height>60</height>
					<visible>ListItem.HasEpg</visible>
					<info>ListItem.Progress</info>
				</control>
				<control type="label">
					<posx>110</posx>
					<posy>0</posy>
					<width>300</width>
					<height>60</height>
					<font>font26_title</font>
					<selectedcolor>selected</selectedcolor>
					<align>left</align>
					<aligny>center</aligny>
					<label>[COLOR=$VAR[CustomColorFocus]]$INFO[ListItem.ChannelName][/COLOR]</label>
				</control>
				<control type="label">
					<posx>110</posx>
					<posy>32</posy>
					<width>300</width>
					<height>60</height>
					<font>font20</font>
					<selectedcolor>selected</selectedcolor>
					<align>left</align>
					<aligny>center</aligny>
					<label>$VAR[PVRListLabel]</label>
				</control>
				<control type="label">
					<posx>110</posx>
					<posy>32</posy>
					<width>300</width>
					<height>0</height>
					<font>font20</font>
					<selectedcolor>selected</selectedcolor>
					<align>left</align>
					<aligny>center</aligny>
					<label>$INFO[ListItem.Title]</label>
					<autoscroll delay="2000" time="2000" repeat="2000">True</autoscroll>
				</control>
			</focusedlayout>
		</control>
	</include>
	
	<include name="PVREPG">
		<control type="image">
			<posx>80</posx>
			<posy>80</posy>
			<width>1100</width>
			<height>350</height>
			<texture>panel.png</texture>
		</control>
		<control type="epggrid" id="10">
			<posx>80</posx>
			<posy>80</posy>
			<width>1100</width>
			<height>350</height>
			<onleft>0</onleft>
			<onright>60</onright>
			<onup>10</onup>
			<ondown>10</ondown>
			<viewtype label="19069">list</viewtype>
			<pagecontrol>60</pagecontrol>
			<scrolltime>200</scrolltime>
			<timeblocks>40</timeblocks>
			<rulerunit>6</rulerunit>
			<progresstexture border="0,3,8,3">epg_marker.png</progresstexture>
			<rulerlayout height="30" width="40">
				<control type="label" id="2">
					<posx>10</posx>
					<posy>0</posy>
					<width>34</width>
					<height>30</height>
					<font>font16</font>
					<aligny>center</aligny>
					<selectedcolor>blue</selectedcolor>
					<align>left</align>
					<label>[B]$INFO[ListItem.Label][/B]</label>
				</control>
				<control type="image">
					<posx>0</posx>
					<posy>0</posy>
					<width>250</width>
					<height>30</height>
					<texture border="2">separator.png</texture>
					<visible>ListItem.Property(DateLabel)</visible>
				</control>
				<control type="image">
					<posx>0</posx>
					<posy>0</posy>
					<width>2</width>
					<height>30</height>
					<texture border="2">separator.png</texture>
					<visible>!ListItem.Property(DateLabel)</visible>
				</control>
			</rulerlayout>
			<channellayout height="65" width="250">
				<control type="image">
					<posx>0</posx>
					<posy>65</posy>
					<width>250</width>
					<height>2</height>
					<texture border="2">separator.png</texture>
					<colordiffuse>FF464646</colordiffuse>
				</control>
				<control type="image">
					<posx>5</posx>
					<posy>10</posy>
					<width>45</width>
					<height>45</height>
					<texture background="true">$INFO[ListItem.Icon]</texture>
					<aspectratio>keep</aspectratio>
				</control>
				<control type="label" id="1">
					<posx>55</posx>
					<posy>0</posy>
					<width>200</width>
					<height>65</height>
					<font>font20</font>
					<aligny>center</aligny>
					<selectedcolor>blue</selectedcolor>
					<label>[B]$INFO[ListItem.ChannelNumberLabel,,.] $INFO[ListItem.ChannelName][/B]</label>
					<scroll>false</scroll>
				</control>
			</channellayout>
			<focusedchannellayout height="65" width="250">
				<control type="image">
					<posx>0</posx>
					<posy>65</posy>
					<width>250</width>
					<height>2</height>
					<texture border="2">separator.png</texture>
					<colordiffuse>FF464646</colordiffuse>
				</control>
				<control type="button" id="1">
					<description>Panel Background image</description>
					<posx>0</posx>
					<posy>0</posy>
					<width>250</width>
					<height>65</height>
					<texturefocus border="5">SubBack.png</texturefocus>
					<texturenofocus border="5">SubBack.png</texturenofocus>					
				</control>
				<!--control type="image" id="1">
					<posx>0</posx>
					<posy>0</posy>
					<width>250</width>
					<height>65</height>
					<texture border="5">SubBack.png</texture>
				</control-->
				<control type="image">
					<posx>5</posx>
					<posy>10</posy>
					<width>45</width>
					<height>45</height>
					<texture background="true">$INFO[ListItem.Icon]</texture>
					<aspectratio>keep</aspectratio>
				</control>
				<control type="label" id="1">
					<posx>55</posx>
					<posy>0</posy>
					<width>200</width>
					<height>65</height>
					<font>font20</font>
					<aligny>center</aligny>
					<selectedcolor>blue</selectedcolor>
					<label>[B]$INFO[ListItem.ChannelNumberLabel,,.] $INFO[ListItem.ChannelName][/B]</label>
					<scroll>false</scroll>
				</control>
			</focusedchannellayout>
			<itemlayout width="40" height="65">
				<control type="image" id="2">
					<width>40</width>
					<height>65</height>
					<posx>0</posx>
					<posy>0</posy>
					<aspectratio>stretch</aspectratio>
					<texture border="3">$INFO[ListItem.Property(GenreType),epg/,.png]</texture>
				</control>
				<control type="label" id="1">
					<posx>6</posx>
					<posy>0</posy>
					<width>30</width>
					<height>65</height>
					<font>font20_title</font>
					<aligny>center</aligny>
					<selectedcolor>blue</selectedcolor>
					<align>left</align>
					<label>$INFO[ListItem.Label]</label>
					<scroll>false</scroll>
				</control>
				<control type="image">
					<posx>7</posx>
					<posy>45</posy>
					<width>15</width>
					<height>15</height>
					<texture>epg_record.png</texture>
					<visible>ListItem.IsRecording</visible>
				</control>
				<control type="image">
					<posx>7</posx>
					<posy>45</posy>
					<width>15</width>
					<height>15</height>
					<texture>epg_schedule.png</texture>
					<visible>ListItem.HasTimer</visible>
				</control>
				<control type="image">
					<posx>7</posx>
					<posy>45</posy>
					<width>15</width>
					<height>15</height>
					<texture>epg_archive.png</texture>
					<visible>![ListItem.IsRecording | ListItem.HasTimer] + ListItem.IsPlayable</visible>
				</control>
			</itemlayout>
			<focusedlayout width="40" height="65">
				<control type="image" id="2">
					<width>40</width>
					<height>65</height>
					<posx>0</posx>
					<posy>0</posy>
					<aspectratio>stretch</aspectratio>
					<texture border="3">$INFO[ListItem.Property(GenreType),epg/,.png]</texture>
					<colordiffuse>D0FFFFFF</colordiffuse>
				</control>
				<control type="image" id="2">
					<width>40</width>
					<height>65</height>
					<posx>0</posx>
					<posy>0</posy>
					<texture border="5">thumb_focus.png</texture>
				</control>
				<control type="label" id="1">
					<posx>6</posx>
					<posy>0</posy>
					<width>30</width>
					<height>65</height>
					<font>font20_title</font>
					<aligny>center</aligny>
					<selectedcolor>blue</selectedcolor>
					<align>left</align>
					<label>$INFO[ListItem.Label]</label>
					<scroll>false</scroll>
				</control>
				<control type="image">
					<posx>7</posx>
					<posy>45</posy>
					<width>15</width>
					<height>15</height>
					<texture>epg_record.png</texture>
					<visible>ListItem.IsRecording</visible>
				</control>
				<control type="image">
					<posx>7</posx>
					<posy>45</posy>
					<width>15</width>
					<height>15</height>
					<texture>epg_schedule.png</texture>
					<visible>ListItem.HasTimer</visible>
				</control>
				<control type="image">
					<posx>7</posx>
					<posy>45</posy>
					<width>15</width>
					<height>15</height>
					<texture>epg_archive.png</texture>
					<visible>![ListItem.IsRecording | ListItem.HasTimer] + ListItem.IsPlayable</visible>
				</control>
			</focusedlayout>
		</control>
	</include>
	<include name="PVREPGInfo">
		<control type="group">
			<control type="image">
				<posx>80</posx>
				<posy>445</posy>
				<width>1100</width>
				<height>150</height>
				<texture>panel.png</texture>
				<include>VisibleFadeEffect</include>
			</control>
			<control type="image">
				<posx>82</posx>
				<posy>435</posy>
				<width>180</width>
				<height>150</height>
				<aspectratio>keep</aspectratio>
				<texture background="true">$INFO[ListItem.Icon]</texture>
			</control>
			<control type="textbox">
				<posx>300</posx>
				<posy>450</posy>
				<width>700</width>
				<height>110</height>
				<label>[B]$INFO[ListItem.Plot][/B]</label>
				<font>font24</font>
				<autoscroll delay="2000" time="2000" repeat="2000">True</autoscroll>
			</control>
		</control>
	</include>
	
	<include name="PVRInfo">
		<control type="group">
			<control type="image">
				<posx>585</posx>
				<posy>50</posy>
				<width>2</width>
				<height>600</height>
				<texture>separator_v.png</texture>
				<include>VisibleFadeEffect</include>
			</control>
			<control type="image">
				<posx>750</posx>
				<posy>55</posy>
				<width>240</width>
				<height>180</height>
				<aspectratio>keep</aspectratio>
				<texture background="true">$VAR[PosterThumb]</texture>
			</control>	
			<control type="group">
				<posx>520</posx>
				<posy>40</posy>
				<width>600</width>
				<control type="label">
					<top>60</top>
					<height>200</height>
					<label>$VAR[PVRInfoPanelDateDurationLabel]</label>
				</control>
				<control type="progress">
					<top>200</top>
					<height>25</height>					
					<info>ListItem.Progress</info>
					<visible>Integer.IsGreater(ListItem.Progress,0)</visible>
				</control>
				<control type="progress">
					<top>200</top>
					<height>25</height>					
					<info>ListItem.PercentPlayed</info>
					<visible>Integer.IsGreater(ListItem.PercentPlayed,0)</visible>
				</control>
			</control>
			<control type="label">
				<posx>600</posx>
				<posy>270</posy>
				<width>590</width>
				<height>262</height>
				<font>font26_title</font>
				<label>[COLOR orange]$INFO[ListItem.Title][/COLOR]$INFO[ListItem.Year,([COLOR grey],[/COLOR])]</label>
				<scroll>true</scroll>
				<visible>!ListItem.HasEpg</visible>
			</control>
			<control type="label">
				<posx>600</posx>
				<posy>270</posy>
				<width>590</width>
				<height>262</height>
				<font>font26_title</font>
				<label>[COLOR orange]$INFO[ListItem.EpgEventTitle][/COLOR] $INFO[ListItem.Year,([COLOR grey],[/COLOR])]</label>
				<scroll>true</scroll>
				<visible>ListItem.HasEpg</visible>
			</control>
			<control type="label">
				<posx>600</posx>
				<posy>305</posy>
				<width>590</width>
				<height>30</height>
				<font>font22_title</font>
				<label>[COLOR grey]$LOCALIZE[142][/COLOR] [I]$INFO[ListItem.StartTime] - $INFO[ListItem.EndTime][/I] ([COLOR=$VAR[CustomColorFocus]]$INFO[ListItem.Duration][/COLOR]) </label>
				<onclick>noop</onclick>
				<visible>[!String.IsEmpty(ListItem.StartTime) | !String.IsEmpty(ListItem.EndTime) | !String.IsEmpty(ListItem.Duration)] + !Skin.HasSetting(Enable.HourMinutes)</visible>
			</control>
			<control type="label">
				<posx>600</posx>
				<posy>335</posy>
				<width>590</width>
				<height>30</height>
				<scroll>true</scroll>				
				<label>[I][COLOR=$VAR[CustomColorNoFocus]]$VAR[SeasonEpisodeLabel]$INFO[ListItem.EpisodeName][/COLOR][/I]</label>
			</control>
			<control type="label">
				<posx>600</posx>
				<posy>360</posy>
				<width>590</width>
				<height>30</height>
				<scroll>true</scroll>				
				<label>$VAR[FlagLabel,,[CR]]$INFO[ListItem.Genre,[COLOR grey]$LOCALIZE[515]:[/COLOR] ,[CR]]$INFO[ListItem.TimerType,[COLOR grey]$LOCALIZE[803]:[/COLOR]</label>
			</control>
			<control type="image">
				<posx>600</posx>
				<posy>408</posy>
				<width>622</width>
				<height>2</height>
				<texture>separator.png</texture>
				<include>VisibleFadeEffect</include>
			</control>
			<control type="textbox">
				<posx>600</posx>
				<posy>410</posy>
				<width>590</width>
				<height>160</height>
				<label>[COLOR=$VAR[CustomColorFocus]]$VAR[RecordingSizeLabel]$VAR[ExpirationDateTimeLabel]$INFO[ListItem.Plot,[CR]] [/COLOR]</label>
				<autoscroll delay="10000" time="3000" repeat="10000">True</autoscroll>
			</control>
		<include name="PVRChannelNumberInput">
			<control type="label">
				<left>0</left>
				<top>0</top>
				<width>100%</width>
				<height>100%</height>
				<label>$INFO[PVR.ChannelNumberInput]</label>
				<shadowcolor>black</shadowcolor>
				<align>center</align>
				<font>WeatherTemp</font>
				<aligny>center</aligny>
				<visible>!String.IsEmpty(PVR.ChannelNumberInput)</visible>
			</control>
		</include>
			<control type="image">
				<posx>600</posx>
				<posy>570</posy>
				<width>622</width>
				<height>2</height>
				<texture>separator.png</texture>
				<include>VisibleFadeEffect</include>
			</control>
			<control type="label">
				<posx>600</posx>
				<posy>580</posy>
				<width>600</width>
				<height>40</height>
				<font>font20_title</font>
				<selectedcolor>selected</selectedcolor>
				<align>left</align>
				<aligny>center</aligny>
				<label>$INFO[Container(50).ListItem.NextTitle,$LOCALIZE[19031]: [COLOR grey2],[/COLOR]]</label>
				<autoscroll delay="2000" time="2000" repeat="2000">True</autoscroll>
			</control>
		</control>
	</include>
</includes>
