<window id="1200">
	<defaultcontrol always="true">1203</defaultcontrol>
	<backgroundcolor>0</backgroundcolor>
	<controls>
	    <include>Window_OpenClose_Animation_Zoom</include>
	    <include>CommonBackground</include>
	    <control type="image">
		    <include>Window_OpenClose_Animation_Fade</include>
		    <posx>0</posx>
		    <posy>0</posy>
		    <width>ScreenWidth</width>
		    <height>80</height>
			<aspectratio scalediffuse="true" align="center" aligny="center">stretch</aspectratio>
			<texture colordiffuse="66FFFFFF">black.png</texture>
	    </control>
	    <control type="image">
		    <include>Window_OpenClose_Animation_Fade</include>
		    <posx>0</posx>
		    <posy>627</posy>
		    <width>ScreenWidth</width>
		    <height>93</height>
			<aspectratio scalediffuse="true" align="center" aligny="center">stretch</aspectratio>
			<texture colordiffuse="66FFFFFF">black.png</texture>
	    </control>
		<control type="label">
			<include>Window_OpenClose_Animation_Slide_Down</include>
			<description>time label</description>
			<posx>255</posx>
			<posy>0</posy>
			<width>350</width>
			<height>67</height>
			<aligny>center</aligny>
			<align>center</align>
			<font>font50_title</font>
			<textcolor>white</textcolor>
			<label>$INFO[System.Time]</label>
			<include>VisibleFadeEffect</include>
			<include>16x9_xPos_Relocation</include>
		</control>
<!-- Dummy Button -->
	    <control type="button" id="1203">
		    <description>Dummy Focus Button</description>
		    <posx>-1</posx>
		    <posy>-1</posy>
		    <width>1</width>
		    <height>1</height>
		    <font></font>
		    <texturenofocus border="5">1px_transparent.png</texturenofocus>
		    <texturefocus border="5">1px_transparent.png</texturefocus>
		    <onup>1202</onup>
		    <ondown>1201</ondown>
	    </control>

<!-- Window Title -->
	    <control type="group">
			<include>Window_OpenClose_Animation_Slide_Down</include>
			<visible>String.IsEqual(Window(Home).Property(install),false)</visible>
			<posx>0</posx>
			<posy>0</posy>
			<include>VisibleFadeEffect</include>
			<control type="label">
				<description>Title</description>
				<posx>100</posx>
				<posy>0</posy>
				<width>350</width>
				<font>font30_title</font>
				<height>80</height>
				<aligny>center</aligny>
				<label>USB Manager</label>
			</control>
	    </control>

<!-- Home Button -->
		<control type="button" id="1201">
			<description>Home Button</description>
			<posx>0</posx>
			<posy>0</posy>
			<width>75</width>
			<height>75</height>
			<font></font>
			<texturenofocus colordiffuse="$VAR[CustomColorNofocus]" border="5">icon_home.png</texturenofocus>
			<texturefocus colordiffuse="$VAR[CustomColorFocus]" border="5">icon_home.png</texturefocus>
			<onclick>ActivateWindow(Home)</onclick>
			<onup>1203</onup>
			<ondown>1205</ondown>
		</control>

<!-- Buttons Bottom -->
	    <control type="group">
			<include>Window_OpenClose_Animation_Fade</include>
            <posx>200r</posx>
            <posy>100r</posy>
            <width>200</width>
            <height>110</height>
			<include>VisibleFadeEffect</include>
			<control type="button" id="1204">
				<description>Settings Button</description>
				<posx>25</posx>
				<posy>19</posy>
				<width>62</width>
				<height>62</height>
				<font></font>
				<texturenofocus colordiffuse="$VAR[CustomColorNofocus]" border="5">button_wifi_settings.png</texturenofocus>
				<texturefocus colordiffuse="$VAR[CustomColorFocus]" border="5">button_wifi_settings.png</texturefocus>
				<onup>1205</onup>
				<ondown>1202</ondown>
				<onright>1202</onright>
			</control>
			<control type="button" id="1202">
				<description>Back Button</description>
				<posx>105</posx>
				<posy>15</posy>
                <width>70</width>
                <height>70</height>
                <texturenofocus colordiffuse="$VAR[CustomColorNofocus]" border="4">icon_back_w.png</texturenofocus>
                <texturefocus colordiffuse="$VAR[CustomColorFocus]" border="4">icon_back_w.png</texturefocus>
				<onclick>ParentDir</onclick>
				<onup>1205</onup>
				<onleft>1204</onleft>
			</control>
	    </control>

	    <control type="label">
		    <include>Window_OpenClose_Animation_Zoom</include>
		    <include>VisibleFadeEffect</include>
		    <visible>Library.IsScanningVideo | Library.IsScanningMusic</visible>
			<posx>0</posx>
			<posy>650</posy>
			<width>ScreenWidth</width>
			<height>50</height>
			<font>font30_title</font>
			<shadowcolor>black</shadowcolor>
			<textcolor>white</textcolor>
			<align>center</align>
			<aligny>center</aligny>
			<label>[B]$ADDON[plugin.program.usbmanager 30063][/B]</label>
	    </control>

<!-- USB Buttons -->
	    <control type="group">
			<description>USB1</description>
			<include>Window_OpenClose_Animation_Zoom</include>
			<include>VisibleFadeEffect</include>
			<visible>String.Contains(Window(Home).Property(showusb1),true)</visible>
			<visible>String.Contains(Window(Home).Property(install),false)</visible>
			<visible>String.Contains(Window(Home).Property(baserequirements),true)</visible>
			<posx>125</posx>
			<posy>220</posy>
			<control type="button" id="1205">
				<description>Button1</description>
				<posx>0</posx>
				<posy>15</posy>
				<width>250</width>
				<height>260</height>
				<texturenofocus colordiffuse="66FFFFFF">black.png</texturenofocus>
				<texturefocus colordiffuse="99FFFFFF">black.png</texturefocus>
				<ondown>1204</ondown>
				<onup>1201</onup>
				<onleft>1208</onleft>
				<onright>1206</onright>
			</control>
        	<control type="label">
				<posx>0</posx>
				<posy>30</posy>
				<width>250</width>
				<height>50</height>
				<font>font20</font>
				<textcolor>white</textcolor>
				<align>center</align>
				<aligny>center</aligny>
				<label>[B]$INFO[Window(Home).Property(usb1)][/B]</label>
			</control>
        	<control type="label">
				<posx>0</posx>
				<posy>80</posy>
				<width>250</width>
				<height>50</height>
				<font>font20</font>
				<textcolor>white</textcolor>
				<align>center</align>
				<aligny>center</aligny>
				<label>[B]$INFO[Window(Home).Property(usblabel1)][/B]</label>
			</control>
        	<control type="label">
				<posx>0</posx>
				<posy>130</posy>
				<width>250</width>
				<height>50</height>
				<font>font20</font>
				<textcolor>white</textcolor>
				<align>center</align>
				<aligny>center</aligny>
				<label>[B]$INFO[Window(Home).Property(usbfstype1)][/B]</label>
			</control>
        	<control type="label">
				<posx>0</posx>
				<posy>170</posy>
				<width>250</width>
				<height>50</height>
				<font>font20</font>
				<align>center</align>
				<aligny>center</aligny>
				<label>[B]$INFO[Window(Home).Property(usbmounted1)][/B]</label>
			</control>
        	<control type="image">
				<visible>String.Contains(Window(Home).Property(usbmovies1),true)</visible>
				<posx>25</posx>
				<posy>217</posy>
				<width>40</width>
				<height>40</height>
				<texture colordiffuse="grey">usb_movies.png</texture>
			</control>
        	<control type="image">
				<visible>String.Contains(Window(Home).Property(usbmusic1),true)</visible>
				<posx>65</posx>
				<posy>217</posy>
				<width>40</width>
				<height>40</height>
				<texture colordiffuse="grey">usb_music.png</texture>
			</control>
        	<control type="image">
				<visible>String.Contains(Window(Home).Property(usbpictures1),true)</visible>
				<posx>105</posx>
				<posy>217</posy>
				<width>40</width>
				<height>40</height>
				<texture colordiffuse="grey">usb_pictures.png</texture>
			</control>
        	<control type="image">
				<visible>String.Contains(Window(Home).Property(usbmusicvideos1),true)</visible>
				<posx>145</posx>
				<posy>217</posy>
				<width>40</width>
				<height>40</height>
				<texture colordiffuse="grey">usb_musicvideos.png</texture>
			</control>
	    </control>
	    <control type="group">
			<description>USB2</description>
			<include>Window_OpenClose_Animation_Zoom</include>
			<include>VisibleFadeEffect</include>
			<visible>String.Contains(Window(Home).Property(showusb2),true)</visible>
			<visible>String.Contains(Window(Home).Property(install),false)</visible>
			<visible>String.Contains(Window(Home).Property(baserequirements),true)</visible>
			<posx>385</posx>
			<posy>220</posy>
			<control type="button" id="1206">
				<description>Button2</description>
				<posx>0</posx>
				<posy>15</posy>
				<width>250</width>
				<height>260</height>
				<texturenofocus colordiffuse="66FFFFFF">black.png</texturenofocus>
				<texturefocus colordiffuse="99FFFFFF">black.png</texturefocus>
				<ondown>1204</ondown>
				<onup>1201</onup>
				<onleft>1205</onleft>
				<onright>1207</onright>
			</control>
        	<control type="label">
				<posx>0</posx>
				<posy>30</posy>
				<width>250</width>
				<height>50</height>
				<font>font20</font>
				<textcolor>white</textcolor>
				<align>center</align>
				<aligny>center</aligny>
				<label>[B]$INFO[Window(Home).Property(usb2)][/B]</label>
			</control>
        	<control type="label">
				<posx>0</posx>
				<posy>80</posy>
				<width>250</width>
				<height>50</height>
				<font>font20</font>
				<textcolor>white</textcolor>
				<align>center</align>
				<aligny>center</aligny>
				<label>[B]$INFO[Window(Home).Property(usblabel2)][/B]</label>
			</control>
        	<control type="label">
				<posx>0</posx>
				<posy>130</posy>
				<width>250</width>
				<height>50</height>
				<font>font20</font>
				<textcolor>white</textcolor>
				<align>center</align>
				<aligny>center</aligny>
				<label>[B]$INFO[Window(Home).Property(usbfstype2)][/B]</label>
			</control>
        	<control type="label">
				<posx>0</posx>
				<posy>170</posy>
				<width>250</width>
				<height>50</height>
				<font>font20</font>
				<align>center</align>
				<aligny>center</aligny>
				<label>[B]$INFO[Window(Home).Property(usbmounted2)][/B]</label>
			</control>
        	<control type="image">
				<visible>String.Contains(Window(Home).Property(usbmovies2),true)</visible>
				<posx>25</posx>
				<posy>217</posy>
				<width>40</width>
				<height>40</height>
				<texture colordiffuse="grey">usb_movies.png</texture>
			</control>
        	<control type="image">
				<visible>String.Contains(Window(Home).Property(usbmusic2),true)</visible>
				<posx>65</posx>
				<posy>217</posy>
				<width>40</width>
				<height>40</height>
				<texture colordiffuse="grey">usb_music.png</texture>
			</control>
        	<control type="image">
				<visible>String.Contains(Window(Home).Property(usbpictures2),true)</visible>
				<posx>105</posx>
				<posy>217</posy>
				<width>40</width>
				<height>40</height>
				<texture colordiffuse="grey">usb_pictures.png</texture>
			</control>
        	<control type="image">
				<visible>String.Contains(Window(Home).Property(usbmusicvideos2),true)</visible>
				<posx>145</posx>
				<posy>217</posy>
				<width>40</width>
				<height>40</height>
				<texture colordiffuse="grey">usb_musicvideos.png</texture>
			</control>
        	<control type="image">
				<visible>String.Contains(Window(Home).Property(usbmusicvideos2),true)</visible>
				<posx>145</posx>
				<posy>217</posy>
				<width>40</width>
				<height>40</height>
				<texture colordiffuse="grey">usb_musicvideos.png</texture>
			</control>
	    </control>
	    <control type="group">
			<description>USB3</description>
			<include>Window_OpenClose_Animation_Zoom</include>
			<include>VisibleFadeEffect</include>
			<visible>String.Contains(Window(Home).Property(showusb3),true)</visible>
			<visible>String.Contains(Window(Home).Property(install),false)</visible>
			<visible>String.Contains(Window(Home).Property(baserequirements),true)</visible>
			<posx>645</posx>
			<posy>220</posy>
			<control type="button" id="1207">
				<description>Button3</description>
				<posx>0</posx>
				<posy>15</posy>
				<width>250</width>
				<height>260</height>
				<texturenofocus colordiffuse="66FFFFFF">black.png</texturenofocus>
				<texturefocus colordiffuse="99FFFFFF">black.png</texturefocus>
				<ondown>1204</ondown>
				<onup>1201</onup>
				<onleft>1206</onleft>
				<onright>1208</onright>
			</control>
        	<control type="label">
				<posx>0</posx>
				<posy>30</posy>
				<width>250</width>
				<height>50</height>
				<font>font20</font>
				<textcolor>white</textcolor>
				<align>center</align>
				<aligny>center</aligny>
				<label>[B]$INFO[Window(Home).Property(usb3)][/B]</label>
			</control>
        	<control type="label">
				<posx>0</posx>
				<posy>80</posy>
				<width>250</width>
				<height>50</height>
				<font>font20</font>
				<textcolor>white</textcolor>
				<align>center</align>
				<aligny>center</aligny>
				<label>[B]$INFO[Window(Home).Property(usblabel3)][/B]</label>
			</control>
        	<control type="label">
				<posx>0</posx>
				<posy>130</posy>
				<width>250</width>
				<height>50</height>
				<font>font20</font>
				<textcolor>white</textcolor>
				<align>center</align>
				<aligny>center</aligny>
				<label>[B]$INFO[Window(Home).Property(usbfstype3)][/B]</label>
			</control>
        	<control type="label">
				<posx>0</posx>
				<posy>170</posy>
				<width>250</width>
				<height>50</height>
				<font>font20</font>
				<align>center</align>
				<aligny>center</aligny>
				<label>[B]$INFO[Window(Home).Property(usbmounted3)][/B]</label>
			</control>
        	<control type="image">
				<visible>String.Contains(Window(Home).Property(usbmovies3),true)</visible>
				<posx>25</posx>
				<posy>217</posy>
				<width>40</width>
				<height>40</height>
				<texture colordiffuse="grey">usb_movies.png</texture>
			</control>
        	<control type="image">
				<visible>String.Contains(Window(Home).Property(usbmusic3),true)</visible>
				<posx>65</posx>
				<posy>217</posy>
				<width>40</width>
				<height>40</height>
				<texture colordiffuse="grey">usb_music.png</texture>
			</control>
        	<control type="image">
				<visible>String.Contains(Window(Home).Property(usbpictures3),true)</visible>
				<posx>105</posx>
				<posy>217</posy>
				<width>40</width>
				<height>40</height>
				<texture colordiffuse="grey">usb_pictures.png</texture>
			</control>
        	<control type="image">
				<visible>String.Contains(Window(Home).Property(usbmusicvideos3),true)</visible>
				<posx>145</posx>
				<posy>217</posy>
				<width>40</width>
				<height>40</height>
				<texture colordiffuse="grey">usb_musicvideos.png</texture>
			</control>
        	<control type="image">
				<visible>String.Contains(Window(Home).Property(usbmusicvideos3),true)</visible>
				<posx>145</posx>
				<posy>217</posy>
				<width>40</width>
				<height>40</height>
				<texture colordiffuse="grey">usb_musicvideos.png</texture>
			</control>
	    </control>
	    <control type="group">
			<description>USB4</description>
			<include>Window_OpenClose_Animation_Zoom</include>
			<include>VisibleFadeEffect</include>
			<visible>String.Contains(Window(Home).Property(showusb4),true)</visible>
			<visible>String.Contains(Window(Home).Property(install),false)</visible>
			<visible>String.Contains(Window(Home).Property(baserequirements),true)</visible>
			<posx>905</posx>
			<posy>220</posy>
			<control type="button" id="1208">
				<description>Button4</description>
				<posx>0</posx>
				<posy>15</posy>
				<width>250</width>
				<height>260</height>
				<texturenofocus colordiffuse="66FFFFFF">black.png</texturenofocus>
				<texturefocus colordiffuse="99FFFFFF">black.png</texturefocus>
				<ondown>1204</ondown>
				<onup>1201</onup>
				<onleft>1207</onleft>
				<onright>1205</onright>
			</control>
        	<control type="label">
				<posx>0</posx>
				<posy>30</posy>
				<width>250</width>
				<height>50</height>
				<font>font20</font>
				<textcolor>white</textcolor>
				<align>center</align>
				<aligny>center</aligny>
				<label>[B]$INFO[Window(Home).Property(usb4)][/B]</label>
			</control>
        	<control type="label">
				<posx>0</posx>
				<posy>80</posy>
				<width>250</width>
				<height>50</height>
				<font>font20</font>
				<textcolor>white</textcolor>
				<align>center</align>
				<aligny>center</aligny>
				<label>[B]$INFO[Window(Home).Property(usblabel4)][/B]</label>
			</control>
        	<control type="label">
				<posx>0</posx>
				<posy>130</posy>
				<width>250</width>
				<height>50</height>
				<font>font20</font>
				<textcolor>white</textcolor>
				<align>center</align>
				<aligny>center</aligny>
				<label>[B]$INFO[Window(Home).Property(usbfstype4)][/B]</label>
			</control>
        	<control type="label">
				<posx>0</posx>
				<posy>170</posy>
				<width>250</width>
				<height>50</height>
				<font>font20</font>
				<align>center</align>
				<aligny>center</aligny>
				<label>[B]$INFO[Window(Home).Property(usbmounted4)][/B]</label>
			</control>
        	<control type="image">
				<visible>String.Contains(Window(Home).Property(usbmovies4),true)</visible>
				<posx>25</posx>
				<posy>217</posy>
				<width>40</width>
				<height>40</height>
				<texture colordiffuse="grey">usb_movies.png</texture>
			</control>
        	<control type="image">
				<visible>String.Contains(Window(Home).Property(usbmusic4),true)</visible>
				<posx>65</posx>
				<posy>217</posy>
				<width>40</width>
				<height>40</height>
				<texture colordiffuse="grey">usb_music.png</texture>
			</control>
        	<control type="image">
				<visible>String.Contains(Window(Home).Property(usbpictures4),true)</visible>
				<posx>105</posx>
				<posy>217</posy>
				<width>40</width>
				<height>40</height>
				<texture colordiffuse="grey">usb_pictures.png</texture>
			</control>
        	<control type="image">
				<visible>String.Contains(Window(Home).Property(usbmusicvideos4),true)</visible>
				<posx>145</posx>
				<posy>217</posy>
				<width>40</width>
				<height>40</height>
				<texture colordiffuse="grey">usb_musicvideos.png</texture>
			</control>
        	<control type="image">
				<visible>String.Contains(Window(Home).Property(usbmusicvideos4),true)</visible>
				<posx>145</posx>
				<posy>217</posy>
				<width>40</width>
				<height>40</height>
				<texture colordiffuse="grey">usb_musicvideos.png</texture>
			</control>
	    </control>

	    <control type="group">
			<description>baserequirements</description>
			<include>Window_OpenClose_Animation_Zoom</include>
			<visible>String.Contains(Window(Home).Property(install),false)</visible>
			<visible>String.Contains(Window(Home).Property(baserequirements),false)</visible>
			<posx>0</posx>
			<posy>305</posy>
        	<control type="label">
				<posx>0</posx>
				<posy>0</posy>
				<width>1280</width>
				<height>120</height>
				<font>font30_title</font>
				<textcolor>white</textcolor>
				<align>center</align>
				<aligny>center</aligny>
				<label>[B]$ADDON[plugin.program.usbmanager 30042][/B]</label>
			</control>
	    </control>

	    <control type="group">
			<description>install</description>
			<include>Window_OpenClose_Animation_Zoom</include>
			<visible>String.Contains(Window(Home).Property(install),true)</visible>
			<posx>0</posx>
			<posy>305</posy>
        	<control type="label">
				<posx>0</posx>
				<posy>0</posy>
				<width>1280</width>
				<height>80</height>
				<font>font30_title</font>
				<textcolor>white</textcolor>
				<shadowcolor>black</shadowcolor>
				<align>center</align>
				<aligny>center</aligny>
				<label>[B]$ADDON[plugin.program.usbmanager 30021][/B]</label>
			</control>
        	<control type="label">
				<posx>0</posx>
				<posy>80</posy>
				<width>1280</width>
				<height>80</height>
				<font>font30_title</font>
				<textcolor>white</textcolor>
				<shadowcolor>black</shadowcolor>
				<align>center</align>
				<aligny>center</aligny>
				<label>[B]$INFO[Window(Home).Property(installmessage)][/B]</label>
			</control>
        	<control type="label">
				<posx>0</posx>
				<posy>160</posy>
				<width>1280</width>
				<height>80</height>
				<font>font30</font>
				<textcolor>white</textcolor>
				<shadowcolor>black</shadowcolor>
				<align>center</align>
				<aligny>center</aligny>
				<label>[B]$INFO[Window(Home).Property(commandoutput)][/B]</label>
			</control>
	    </control>

	    <control type="group">
			<description>automountactive</description>
			<include>Window_OpenClose_Animation_Zoom</include>
			<include>VisibleFadeEffect</include>
			<visible>String.Contains(Window(Home).Property(automount),true)</visible>
			<posx>0</posx>
			<posy>530</posy>
        	<control type="label">
				<posx>0</posx>
				<posy>30</posy>
				<width>1280</width>
				<height>40</height>
				<font>font20</font>
				<textcolor>white</textcolor>
				<shadowcolor>black</shadowcolor>
				<align>center</align>
				<aligny>center</aligny>
				<label>[B]$ADDON[plugin.program.usbmanager 30052][/B]</label>
			</control>
	    </control>

	    <control type="group">
			<description>no storage devices</description>
			<include>Window_OpenClose_Animation_Zoom</include>
			<include>VisibleFadeEffect</include>
			<visible>String.Contains(Window(Home).Property(install),false)</visible>
			<visible>String.Contains(Window(Home).Property(baserequirements),true)</visible>
			<visible>String.Contains(Window(Home).Property(showusb1),false)</visible>
			<visible>String.Contains(Window(Home).Property(showusb2),false)</visible>
			<visible>String.Contains(Window(Home).Property(showusb3),false)</visible>
			<visible>String.Contains(Window(Home).Property(showusb4),false)</visible>
			<posx>0</posx>
			<posy>340</posy>
        	<control type="label">
				<posx>0</posx>
				<posy>0</posy>
				<width>1280</width>
				<height>40</height>
				<font>font30_title</font>
				<textcolor>white</textcolor>
				<shadowcolor>black</shadowcolor>
				<align>center</align>
				<aligny>center</aligny>
				<label>[B]$ADDON[plugin.program.usbmanager 30053][/B]</label>
			</control>
	    </control>

	    <control type="group">
			<include>Window_OpenClose_Animation_Slide_Up</include>
			<posx>0</posx>
			<posy>84r</posy>
			<include>VisibleFadeEffect</include>
			<visible>String.Contains(Window(Home).Property(linkcheckable),true) + String.Contains(Window(Home).Property(linkcheck),false) + String.Contains(Window(Home).Property(dbscanning),false)</visible>
			<control type="button" id="1209">
				<description>Rescan Button</description>
				<posx>310</posx>
				<posy>0</posy>
				<width>660</width>
				<height>82</height>
				<font></font>
				<texturenofocus border="5">usb_floor_button_t.png</texturenofocus>
				<texturefocus border="5">usb_floor_buttonFO.png</texturefocus>
				<onup>1201</onup>
				<ondown>1212</ondown>
			</control>
        	<control type="label">
				<description>Link Button</description>
				<posx>320</posx>
				<posy>0</posy>
				<width>640</width>
				<height>82</height>
				<font>font30</font>
				<textcolor>white</textcolor>
				<align>center</align>
				<aligny>center</aligny>
				<label>[B]$ADDON[plugin.program.usbmanager 30043][/B]</label>
			</control>
	    </control>
	</controls>
</window>
