<window>
	<defaultcontrol always="true">11</defaultcontrol>
<!--<include>16x9_xPos_Relocation</include>-->
	<include>Window_OpenClose_Animation_Zoom</include>
	<coordinates>
		<system>1</system>
		<posx>240</posx>
		<posy>10</posy>
	</coordinates>
	<controls>
		<include>BehindDialogFadeOut</include>
		<control type="image">
			<posx>0</posx>
			<posy>0</posy>
			<width>800</width>
			<height>60</height>
			<texture border="5">DialogHeader.png</texture>
		</control>
		<control type="image">
			<posx>0</posx>
			<posy>60</posy>
			<width>800</width>
			<height>640</height>
			<texture>dialog_back_black2.png</texture>
		</control>
		<control type="label" id="2">
			<description>header label</description>
			<posx>20</posx>
			<posy>0</posy>
			<include>WindowTitleCommons</include>
			<width>700</width>
			<label>$LOCALIZE[19019]</label>
		</control>
		<control type="group">
			<posx>730</posx>
			<posy>0</posy>
			<include>DialogCloseButtonCommons</include>
		</control>
		<control type="image">
			<posx>0</posx>
			<posy>60</posy>
			<width>800</width>
			<height>600</height>
			<texture colordiffuse="40000000">black.png</texture>
		</control>
		<control type="list" id="11">
			<posx>0</posx>
			<posy>60</posy>
			<width>800</width>
			<height>600</height>
			<itemgap>-1</itemgap>
			<onleft>9000</onleft>
			<onright>9000</onright>
			<onup>11</onup>
			<ondown>11</ondown>
			<viewtype label="535">list</viewtype>
			<pagecontrol>60</pagecontrol>
			<scrolltime>200</scrolltime>
			<itemlayout height="90" width="750">
				<control type="image">
					<posx>5</posx>
					<posy>5</posy>
					<width>80</width>
					<height>80</height>
					<texture background="true">$VAR[PosterThumb]</texture>
					<aspectratio>keep</aspectratio>
				</control>
				<control type="label">
					<posx>100</posx>
					<posy>0</posy>
					<width>640</width>
					<height>40</height>
					<font>font20_title</font>
					<selectedcolor>selected</selectedcolor>
					<align>left</align>
					<aligny>center</aligny>
					<label>[B]$INFO[ListItem.ChannelNumberLabel,,. ]$INFO[ListItem.Label][/B]</label>
				</control>
				<control type="label">
					<posx>100</posx>
					<posy>28</posy>
					<width>640</width>
					<height>40</height>
					<font>font22</font>
					<selectedcolor>selected</selectedcolor>
					<align>left</align>
					<aligny>center</aligny>
					<label>$INFO[ListItem.Title]</label>
				</control>
				<control type="label">
					<posx>100</posx>
					<posy>63</posy>
					<width>100</width>
					<height>20</height>
					<font>font14_title</font>
					<textcolor>blue</textcolor>
					<selectedcolor>blue</selectedcolor>
					<align>center</align>
					<label>$INFO[ListItem.StartTime]</label>
					<visible>ListItem.HasEpg</visible>
				</control>
				<control type="progress">
					<description>Progress</description>
					<posx>200</posx>
					<posy>70</posy>
					<width>450</width>
					<height>10</height>
					<info>ListItem.Progress</info>
				</control>
				<control type="label">
					<posx>650</posx>
					<posy>63</posy>
					<width>100</width>
					<height>20</height>
					<font>font14_title</font>
					<textcolor>blue</textcolor>
					<selectedcolor>blue</selectedcolor>
					<align>center</align>
					<label>$INFO[ListItem.EndTime]</label>
					<visible>ListItem.HasEpg</visible>
				</control>
			</itemlayout>
			<focusedlayout height="90" width="750">
				<control type="image">
					<posx>0</posx>
					<posy>0</posy>
					<width>750</width>
					<height>90</height>
					<texture>buttonbg-white20.png</texture>
					<include>VisibleFadeEffect</include>
				</control>
				<control type="image">
					<posx>5</posx>
					<posy>5</posy>
					<width>80</width>
					<height>80</height>
					<texture background="true">$VAR[PosterThumb]</texture>
					<aspectratio>keep</aspectratio>
				</control>
				<control type="label">
					<posx>100</posx>
					<posy>0</posy>
					<width>640</width>
					<height>40</height>
					<font>font20_title</font>
					<selectedcolor>selected</selectedcolor>
					<align>left</align>
					<aligny>center</aligny>
					<label>[B]$INFO[ListItem.ChannelNumberLabel,,. ]$INFO[ListItem.Label][/B]</label>
				</control>
				<control type="label">
					<posx>100</posx>
					<posy>28</posy>
					<width>640</width>
					<height>40</height>
					<font>font22</font>
					<selectedcolor>selected</selectedcolor>
					<align>left</align>
					<aligny>center</aligny>
					<label>$INFO[ListItem.Title]</label>
				</control>
				<control type="label">
					<posx>100</posx>
					<posy>63</posy>
					<width>100</width>
					<height>20</height>
					<font>font14_title</font>
					<textcolor>blue</textcolor>
					<selectedcolor>blue</selectedcolor>
					<align>center</align>
					<label>$INFO[ListItem.StartTime]</label>
					<visible>ListItem.HasEpg</visible>
				</control>
				<control type="progress">
					<description>Progress</description>
					<posx>200</posx>
					<posy>70</posy>
					<width>450</width>
					<height>10</height>
					<info>ListItem.Progress</info>
				</control>
				<control type="label">
					<posx>650</posx>
					<posy>63</posy>
					<width>100</width>
					<height>20</height>
					<font>font14_title</font>
					<textcolor>blue</textcolor>
					<selectedcolor>blue</selectedcolor>
					<align>center</align>
					<label>$INFO[ListItem.EndTime]</label>
					<visible>ListItem.HasEpg</visible>
				</control>
			</focusedlayout>
		</control>
		
		<control type="scrollbar" id="60">
			<posx>762</posx>
			<posy>60</posy>
			<width>26</width>
			<height>600</height>
			<texturesliderbackground border="0,14,0,14">ScrollBarV.png</texturesliderbackground>
			<texturesliderbar border="2,16,2,16">ScrollBarV.png</texturesliderbar>
			<texturesliderbarfocus border="2,16,2,16">ScrollBarV.png</texturesliderbarfocus>
			<textureslidernib colordiffuse="$VAR[CustomColorNofocus]">osdslidernib.png</textureslidernib>
			<textureslidernibfocus colordiffuse="$VAR[CustomColorfocus]">osdslidernib.png</textureslidernibfocus>
			<onleft>11</onleft>
			<onright>11</onright>
			<ondown>60</ondown>
			<onup>60</onup>
			<showonepage>false</showonepage>
			<orientation>vertical</orientation>
			<animation effect="fade" time="150">Visible</animation>
			<animation effect="fade" time="150">Hidden</animation>
		</control>
		
	</controls>
</window>