<?xml version="1.0" encoding="UTF-8"?>
<window>
	<defaultcontrol always="true">50</defaultcontrol>
	<views>50</views>
	<onunload>Skin.Reset(MediaSubMenuVisible2)</onunload>
	<onload>Control.SetFocus(9002)</onload>
	<onload>Skin.Reset(MediaSubMenuVisible2)</onload>
	<backgroundcolor>0</backgroundcolor>
	<controls>
		<include>CommonBackground</include>
		<!-- <include>CommonBackgroundOverlay</include> -->
		<include>MediaBladeLeft</include>
		<include>FileCountCommons</include>
		<include>HomeButtonCommons</include>
		<!-- <include>OptionsButtonCommons</include> -->
        <include>BottomNowPLaying</include>
		
		<control type="label">
			<description>Window label</description>
			<include>MediaWindowTitleCommons</include>
			<label>$VAR[PVRSection,, - ]$LOCALIZE[19017]</label>
		</control>
		<control type="group">
			<include>Window_OpenClose_Animation_Zoom</include>
			<include content="PVRBack" condition="String.IsEqual(Skin.AspectRatio,16:9)">
				<param name="panel-width" value="1530"/>
			</include>
			<include content="PVRBack" condition="String.IsEqual(Skin.AspectRatio,4:3)">
				<param name="panel-width" value="1090"/>
			</include>
			<include content="PVRList" condition="String.IsEqual(Skin.AspectRatio,16:9)"> <!-- view id = 50 -->
				<param name="panel-id" value="50"/>
				<param name="panel-width" value="1530"/>
				<param name="label-width" value="1400"/>
			</include>
			<include content="PVRList" condition="String.IsEqual(Skin.AspectRatio,4:3)"> <!-- view id = 50 -->
				<param name="panel-id" value="50"/>
				<param name="panel-width" value="1090"/>
				<param name="label-width" value="960"/>
			</include>
			<include content="PVRInfo" condition="String.IsEqual(Skin.AspectRatio,16:9)">
				<param name="panel-width" value="1530"/>
				<param name="textbox-width" value="1160"/>
			</include>
			<include content="PVRInfo" condition="String.IsEqual(Skin.AspectRatio,4:3)">
				<param name="panel-width" value="1090"/>
				<param name="textbox-width" value="720"/>
			</include>
		</control>
		<include>MediaSubMenu</include>
		<include>ScrollBarCommons</include>
		<include>ScrollOffsetLabel</include>
		<include>BehindDialogFadeOut</include>
	   	<include>VolumeOverlay</include>
	</controls>
</window>
