<?xml version="1.0" encoding="UTF-8"?>
 <window>
	<defaultcontrol always="true">10</defaultcontrol>
	<coordinates>
		<system>1</system>
		<posx>100</posx>
		<posy>200</posy>
	</coordinates>
	<include>16x9_xPos_Relocation</include>
	<include>dialogeffect</include>
	<controls>
		<control type="image">
			<description>Shadow Background for dialogs without BehindDialogFadeOut include</description>
			<posx>-30</posx>
			<posy>-30</posy>
			<width>760</width>
			<height>370</height>
			<texture border="30">DialogShadow.png</texture>
		</control>
		<control type="image">
			<description>Header Background</description>
			<posx>0</posx>
			<posy>0</posy>
			<width>700</width>
			<height>60</height>
			<texture border="5">DialogHeader.png</texture>
		</control>
		<control type="group">
			<posx>630</posx>
			<posy>0</posy>
			<include>DialogCloseButtonCommons</include>
		</control>
		<control type="label" id="1">
			<description>header label</description>
			<posx>20</posx>
			<posy>0</posy>
			<include>WindowTitleCommons</include>
			<width>600</width>
			<label>$LOCALIZE[13406]</label>
		</control>
		<control type="image">
			<description>Background</description>
			<posx>0</posx>
			<posy>60</posy>
			<width>700</width>
			<height>250</height>
			<texture border="5">dialog_back_black2.png</texture>
		</control>
		<control type="textbox" id="9">
			<description>text</description>
			<left>30</left>
			<top>70</top>
			<width>640</width>
			<height>150</height>
			<align>left</align>
			<label></label>
            <textcolor>white</textcolor>
			<font>font25</font>
			<autoscroll time="3000" delay="4000" repeat="5000">true</autoscroll>
		</control>
		<control type="progress" id="20">
			<description>Progressbar</description>
			<left>30</left>
			<top>220</top>
			<width>640</width>
			<height>16</height>
			<info>System.Progressbar</info>
		</control>
		<control type="grouplist" id="9000">
			<left>50</left>
			<top>250</top>
			<width>600</width>
			<height>45</height>
			<align>center</align>
			<itemgap>0</itemgap>
			<orientation>horizontal</orientation>
			<control type="button" id="11">
				<description>OK button</description>
				<width>200</width>
				<height>45</height>
				<include>ButtonInfoDialogsCommonValues</include>
				<label>107</label>
			</control>
			<control type="button" id="10">
				<description>Cancel button</description>
				<width>200</width>
				<height>45</height>
				<include>ButtonInfoDialogsCommonValues</include>
				<label>106</label>
			</control>
			<control type="button" id="12">
				<width>200</width>
				<height>45</height>
				<include>ButtonInfoDialogsCommonValues</include>
				<label>106</label>
			</control>
		</control>
	</controls>
 </window>