<includes>
	<include name="PlayerControlCommons">
	
		<control type="image">
			<posx>0</posx>
			<posy>0</posy>
			<width>ScreenWidth</width>
			<height>ScreenHeight</height>
			<colordiffuse>BBFFFFFF</colordiffuse>
			<texture>$INFO[Skin.String(CustomBackgroundPath)]</texture>
			<visible>!Window.IsVisible(Visualisation) + !Window.IsVisible(FullScreenVideo)</visible>
		</control>

<!-- Fanart Custom Path -->
		<control type="image">
			<visible>Skin.HasSetting(PlayerControlsShowAudioInfo) + Player.HasAudio + !String.IsEmpty(Skin.String(CustomFanartPath))</visible>
            <animation effect="fade" time="400">Visible</animation>
            <animation effect="fade" time="500">Hidden</animation>
			<posx>0</posx>
			<posy>0</posy>
			<width>ScreenWidth</width>
			<height>ScreenHeight</height>
<!--		<texture colordiffuse="60FFFFFF" background="true">$INFO[MusicPlayer.Property(Fanart_Image)]</texture> -->
			<texture colordiffuse="60FFFFFF" background="true">$INFO[Skin.String(CustomFanartPath)]/$INFO[MusicPlayer.Artist]/fanart.jpg</texture>
			<aspectratio>scale</aspectratio>
		</control>
		<control type="image">
			<visible>!Skin.HasSetting(PlayerControlsShowAudioInfo) + Player.HasAudio + !String.IsEmpty(Skin.String(CustomFanartPath))</visible>
            <animation effect="fade" time="400">Visible</animation>
            <animation effect="fade" time="500">Hidden</animation>
			<posx>0</posx>
			<posy>0</posy>
			<width>ScreenWidth</width>
			<height>ScreenHeight</height>
<!--		<texture colordiffuse="CCFFFFFF" background="true">$INFO[MusicPlayer.Property(Fanart_Image)]</texture> -->
			<texture colordiffuse="CCFFFFFF" background="true">$INFO[Skin.String(CustomFanartPath)]/$INFO[MusicPlayer.Artist]/fanart.jpg</texture>
			<aspectratio>scale</aspectratio>
		</control>
		<control type="image">
			<visible>!Skin.HasSetting(PlayerControlsShowAudioInfo) + Player.HasAudio + !String.IsEmpty(Skin.String(CustomFanartPath))</visible>
            <animation effect="fade" time="400">Visible</animation>
            <animation effect="fade" time="500">Hidden</animation>
			<posx>50</posx>
			<posy>250</posy>
			<width>450</width>
			<height>250</height>
<!-- 		<texture background="true">$INFO[Player.Art(clearart)]</texture> -->
			<texture background="true">$INFO[Skin.String(CustomFanartPath)]/$INFO[MusicPlayer.Artist]/logo.png</texture>
			<aspectratio>keep</aspectratio>
		</control>

<!-- Fanart Standard -->
		<control type="image">
			<visible>Skin.HasSetting(PlayerControlsShowAudioInfo) + Player.HasAudio + String.IsEmpty(Skin.String(CustomFanartPath))</visible>
            <animation effect="fade" time="400">Visible</animation>
            <animation effect="fade" time="500">Hidden</animation>
			<posx>0</posx>
			<posy>0</posy>
			<width>ScreenWidth</width>
			<height>ScreenHeight</height>
			<texture colordiffuse="60FFFFFF" background="true">$INFO[Player.Art(fanart)]</texture>
			<aspectratio>scale</aspectratio>
		</control>
		<control type="image">
			<visible>!Skin.HasSetting(PlayerControlsShowAudioInfo) + Player.HasAudio + String.IsEmpty(Skin.String(CustomFanartPath))</visible>
            <animation effect="fade" time="400">Visible</animation>
            <animation effect="fade" time="500">Hidden</animation>
			<posx>0</posx>
			<posy>0</posy>
			<width>ScreenWidth</width>
			<height>ScreenHeight</height>
			<texture colordiffuse="CCFFFFFF" background="true">$INFO[Player.Art(fanart)]</texture>
			<aspectratio>scale</aspectratio>
		</control>
		<control type="image">
			<visible>!Skin.HasSetting(PlayerControlsShowAudioInfo) + Player.HasAudio + String.IsEmpty(Skin.String(CustomFanartPath))</visible>
            <animation effect="fade" time="400">Visible</animation>
            <animation effect="fade" time="500">Hidden</animation>
			<posx>50</posx>
			<posy>250</posy>
			<width>450</width>
			<height>250</height>
			<texture background="true">$INFO[Player.Art(clearart)]</texture>
			<aspectratio>keep</aspectratio>
		</control>
		
		<!--Music Header-->
		<control type="group">
			<posx>0</posx>
			<posy>105</posy>
			<visible>Skin.HasSetting(PlayerControlsShowAudioInfo) + Player.HasAudio</visible>
			<animation effect="slide" start="0,-200" end="0,0" time="300" easing="out" tween="quadratic" >Visible</animation>
			<animation effect="slide" start="0,0" end="0,-200" time="300" easing="in" tween="quadratic" >Hidden</animation>
			<control type="group">
				<control type="image">
	                <visible>true</visible>
					<description>cover image</description>
					<posx>80</posx>
					<posy>5</posy>
					<width>480</width>
					<height>443</height>
					<info>MusicPlayer.Cover</info>
					<aspectratio></aspectratio>
					<bordersize>2</bordersize>
				</control>
				<control type="image">
	                <visible>true</visible>
					<description>cover image</description>
					<posx>80</posx>
					<posy>448</posy>
					<width>480</width>
					<height>443</height>
					<texture flipy="true" diffuse="mask-gradient-v.png">$INFO[MusicPlayer.Cover]</texture>
					<aspectratio></aspectratio>
					<bordersize>2</bordersize>
				</control>
									
<!-- Artist & Title Info -->
   				<control type="label">
					<description>Artist label</description>
					<posx>600</posx>
					<posy>100</posy>
					<width>620</width>
					<height>50</height>
					<align>left</align>
					<font>font24_title</font>
					<label>$LOCALIZE[31245]</label>
					<textcolor>$VAR[CustomColorFocus]</textcolor>
				</control>
				<control type="label">
					<description>Artist label</description>
					<posx>600</posx>
					<posy>120</posy>
					<width>645</width>
					<height>25</height>
					<align>left</align>
					<font>font50_title</font>
					<label>$INFO[MusicPlayer.Artist]</label>
					<textcolor>$VAR[CustomColorNofocus]</textcolor>
				</control>
				
				<control type="label">
					<description>Title label</description>
					<posx>600</posx>
					<posy>195</posy>
					<width>645</width>
					<height>50</height>
					<align>left</align>
					<font>font24_title</font>
					<label>$LOCALIZE[31247]</label>
					<textcolor>$VAR[CustomColorFocus]</textcolor>
				</control>		
				<control type="label">
					<posx>600</posx>
					<posy>235</posy>
					<width>645</width>
					<height>22</height>
					<font>font36_title</font>
					<align>left</align>
					<aligny>center</aligny>
					<label>$INFO[MusicPlayer.Title]</label>
					<textcolor>$VAR[CustomColorNofocus]</textcolor>
					<scroll>true</scroll>
				</control>
				
				<control type="label">
					<description>Album label</description>
					<posx>605</posx>
					<posy>280</posy>
					<width>645</width>
					<height>50</height>
					<align>left</align>
					<font>font24_title</font>
					<label>$LOCALIZE[31246]</label>
					<textcolor>$VAR[CustomColorFocus]</textcolor>
				</control>		
				<control type="label">
					<description>Album label</description>
					<posx>600</posx>
					<posy>305</posy>
					<width>645</width>
					<height>25</height>
					<align>left</align>
					<font>font36_title</font>
					<label>$INFO[MusicPlayer.Album]</label>
					<textcolor>$VAR[CustomColorNofocus]</textcolor>
				</control>
				
				<control type="group">
					<posx>600</posx>
					<posy>395</posy>
					<width>625</width>
					<height>60</height>
					<control type="image">
						<description>Audio Codec Image</description>
						<posx>0</posx>
						<posy>0</posy>
						<width>75</width>
						<height>60</height>
						<aspectratio align="left">keep</aspectratio>
						<texture colordiffuse="$VAR[CustomColorNofocus]">$INFO[MusicPlayer.Codec,flagging/audio/,.png]</texture>
					</control>
<!-- 
					<control type="group">
						<description>Rating</description>
						<posx>94</posx>
						<posy>11</posy>
						<width>120</width>
						<height>37</height>
						<control type="image">
							<description>rating back</description>
							<posx>0</posx>
							<posy>0</posy>
							<width>120</width>
							<height>37</height>
							<aspectratio align="left">stretch</aspectratio>
							<texture colordiffuse="$VAR[CustomColorNofocus]" border="4">flagging/blank.png</texture>
						</control>
						<control type="image">
							<description>Rating</description>
							<posx>7</posx>
							<posy>0</posy>
							<width>105</width>
							<height>37</height>
							<aspectratio align="center">keep</aspectratio>
							<texture colordiffuse="$VAR[CustomColorFocus]" fallback="LeftRating/rating0.png">$INFO[Player.StarRating,light/left_rating/]</texture>
						</control>
					</control>
 -->
				</control>
				<control type="label">
					<description>Normal Header label</description>
					<posx>15r</posx>
					<posy>4</posy>
					<width>225</width>
					<height>19</height>
					<align>right</align>
					<aligny>center</aligny>
					<font>font20</font>
					<textcolor>$VAR[CustomColorNofocus]</textcolor>
					<label>$LOCALIZE[589]</label>
					<visible>MusicPartyMode.Enabled</visible>
				</control>
				<control type="label">
					<description>Partymode Header label</description>
					<posx>1050</posx>
					<posy>425</posy>
					<width>300</width>
					<height>19</height>
					<align>left</align>
					<aligny>center</aligny>
					<font>font24_title</font>
					<textcolor>$VAR[CustomColorNofocus]</textcolor>
					<label>$INFO[musicplayer.Playlistposition,$LOCALIZE[554]: ]$INFO[musicplayer.Playlistlength, / ]</label>
					<visible>!MusicPartyMode.Enabled</visible>
				</control>
				<control type="label">
					<posx>600</posx>
					<posy>10</posy>
					<width>630</width>
					<height>19</height>
					<label>$LOCALIZE[209]: $INFO[MusicPlayer.offset(1).Artist,, - ]$INFO[MusicPlayer.offset(1).Title]</label>
					<align>left</align>
					<aligny>center</aligny>
					<font>font24_title</font>
					<textcolor>$VAR[CustomColorNofocus]</textcolor>
					<scroll>true</scroll>
					<visible>MusicPlayer.HasNext</visible>
				</control>
			</control>
		</control>
		<!--Video Header-->
		<control type="group">
			<posx>0</posx>
			<posy>85</posy>
			<visible>Skin.HasSetting(PlayerControlsShowVideoInfo) + Player.HasVideo</visible>
			<animation effect="slide" start="0,-200" end="0,0" time="300" easing="out" tween="quadratic" >Visible</animation>
			<animation effect="slide" start="0,0" end="0,-200" time="300" easing="in" tween="quadratic" >Hidden</animation>
			<control type="image">
				<posx>0</posx>
				<posy>0</posy>
				<width>ScreenWidth</width>
				<height>150</height>
				<texture border="4">panel.png</texture>
				<!--<texture border="4">$INFO[Skin.String(CustomBackgroundPath)]</texture>-->
			</control>
			<control type="group">
				<control type="group">
					<visible>!VideoPlayer.Content(Movies) + !VideoPlayer.Content(Episodes)</visible>
					<control type="image">
						<description>cover image</description>
						<posx>10</posx>
						<posy>7</posy>
						<width>187</width>
						<height>135</height>
						<info>VideoPlayer.Cover</info>
						<aspectratio align="right">keep</aspectratio>
						<bordertexture>ThumbBorderGrey.png</bordertexture>
						<bordersize>2</bordersize>
					</control>
					<control type="label">
						<description>studio label</description>
						<posx>217</posx>
						<posy>12</posy>
						<width>712</width>
						<height>19</height>
						<align>left</align>
						<font>font24_title</font>
						<label>$INFO[VideoPlayer.Studio]</label>
						<textcolor>$VAR[CustomColorNofocus]</textcolor>
					</control>
					<control type="label">
						<posx>225</posx>
						<posy>45</posy>
						<width>705</width>
						<height>22</height>
						<font>font24_title</font>
						<align>left</align>
						<aligny>center</aligny>
						<label>$INFO[VideoPlayer.Title]</label>
						<textcolor>$VAR[CustomColorNofocus]</textcolor>
						<scroll>true</scroll>
					</control>
					<control type="label">
						<description>Genre label</description>
						<posx>217</posx>
						<posy>71</posy>
						<width>712</width>
						<height>25</height>
						<align>left</align>
						<font>font24</font>
						<label>$INFO[VideoPlayer.Genre]</label>
						<textcolor>$VAR[CustomColorNofocus]</textcolor>
					</control>
					<control type="group">
						<posx>217</posx>
						<posy>105</posy>
						<width>450</width>
						<height>34</height>
						<control type="image">
							<description>Video Codec Image</description>
							<posx>0</posx>
							<posy>0</posy>
							<width>75</width>
							<height>34</height>
							<aspectratio align="left">keep</aspectratio>
							<texture colordiffuse="$VAR[CustomColorNofocus]">$INFO[VideoPlayer.VideoCodec,flagging/video/,.png]</texture>
						</control>
						<control type="image">
							<description>Resolution Image</description>
							<posx>75</posx>
							<posy>0</posy>
							<width>56</width>
							<height>34</height>
							<aspectratio align="left">keep</aspectratio>
							<texture colordiffuse="$VAR[CustomColorNofocus]">$INFO[VideoPlayer.VideoResolution,flagging/video/,.png]</texture>
						</control>
						<control type="image">
							<description>Audio Codec Image</description>
							<posx>131</posx>
							<posy>0</posy>
							<width>75</width>
							<height>34</height>
							<aspectratio align="left">keep</aspectratio>
							<texture colordiffuse="$VAR[CustomColorNofocus]">$INFO[VideoPlayer.AudioCodec,flagging/audio/,.png]</texture>
						</control>
						<control type="image">
							<description>Audio Codec Image</description>
							<posx>206</posx>
							<posy>0</posy>
							<width>56</width>
							<height>34</height>
							<aspectratio align="left">keep</aspectratio>
							<texture colordiffuse="$VAR[CustomColorNofocus]">$INFO[VideoPlayer.AudioChannels,flagging/audio/,.png]</texture>
						</control>
					</control>
				</control>
				<control type="group">
					<visible>VideoPlayer.Content(Movies)</visible>
					<control type="image">
						<description>cover image</description>
						<posx>10</posx>
						<posy>7</posy>
						<width>112</width>
						<height>135</height>
						<info>VideoPlayer.Cover</info>
						<aspectratio>keep</aspectratio>
						<bordertexture>ThumbBorderGrey.png</bordertexture>
						<bordersize>2</bordersize>
					</control>
					<control type="label">
						<description>Studio label</description>
						<posx>142</posx>
						<posy>12</posy>
						<width>787</width>
						<height>19</height>
						<align>left</align>
						<font>font24_title</font>
						<label>[B]$INFO[VideoPlayer.Studio][/B]</label>
						<textcolor>$VAR[CustomColorNofocus]</textcolor>
					</control>
					<control type="label">
						<posx>142</posx>
						<posy>48</posy>
						<width>780</width>
						<height>22</height>
						<font>font24_title</font>
						<align>left</align>
						<aligny>center</aligny>
						<label>$INFO[VideoPlayer.Title]</label>
						<textcolor>$VAR[CustomColorNofocus]</textcolor>
						<scroll>true</scroll>
					</control>
					<control type="label">
						<description>Genre label</description>
						<posx>142</posx>
						<posy>71</posy>
						<width>787</width>
						<height>19</height>
						<align>left</align>
						<font>font24_title</font>
						<label>$INFO[VideoPlayer.Genre]</label>
						<textcolor>$VAR[CustomColorNofocus]</textcolor>
					</control>
					<control type="group">
						<posx>142</posx>
						<posy>105</posy>
						<width>450</width>
						<height>34</height>
						<control type="image">
							<description>Video Codec Image</description>
							<posx>0</posx>
							<posy>0</posy>
							<width>75</width>
							<height>34</height>
							<aspectratio align="left">keep</aspectratio>
							<texture colordiffuse="$VAR[CustomColorNofocus]">$INFO[VideoPlayer.VideoCodec,flagging/video/,.png]</texture>
						</control>
						<control type="image">
							<description>Resolution Image</description>
							<posx>75</posx>
							<posy>0</posy>
							<width>56</width>
							<height>34</height>
							<aspectratio align="left">keep</aspectratio>
							<texture colordiffuse="$VAR[CustomColorNofocus]">$INFO[VideoPlayer.VideoResolution,flagging/video/,.png]</texture>
						</control>
						<control type="image">
							<description>Audio Codec Image</description>
							<posx>131</posx>
							<posy>0</posy>
							<width>75</width>
							<height>34</height>
							<aspectratio align="left">keep</aspectratio>
							<texture colordiffuse="$VAR[CustomColorNofocus]">$INFO[VideoPlayer.AudioCodec,flagging/audio/,.png]</texture>
						</control>
						<control type="image">
							<description>Audio Codec Image</description>
							<posx>206</posx>
							<posy>0</posy>
							<width>56</width>
							<height>34</height>
							<aspectratio align="left">keep</aspectratio>
							<texture colordiffuse="$VAR[CustomColorNofocus]">$INFO[VideoPlayer.AudioChannels,flagging/audio/,.png]</texture>
						</control>
					</control>
				</control>
				<control type="group">
					<visible>VideoPlayer.Content(Episodes)</visible>
					<control type="image">
						<description>cover image</description>
						<posx>15</posx>
						<posy>7</posy>
						<width>187</width>
						<height>135</height>
						<info>VideoPlayer.Cover</info>
						<aspectratio>scale</aspectratio>
						<bordertexture>ThumbBorderGrey.png</bordertexture>
						<bordersize>2</bordersize>
					</control>
					<control type="label">
						<description>Show label</description>
						<posx>217</posx>
						<posy>19</posy>
						<width>712</width>
						<height>19</height>
						<align>left</align>
						<font>font24</font>
						<label>$INFO[VideoPlayer.TVShowTitle]</label>
						<textcolor>$VAR[CustomColorNofocus]</textcolor>
					</control>
					<control type="label">
						<posx>225</posx>
						<posy>45</posy>
						<width>705</width>
						<height>22</height>
						<font>font24_title</font>
						<align>left</align>
						<aligny>center</aligny>
						<label>$INFO[VideoPlayer.Title]</label>
						<textcolor>$VAR[CustomColorNofocus]</textcolor>
						<scroll>true</scroll>
					</control>
					<control type="label">
						<description>Episode label</description>
						<posx>217</posx>
						<posy>71</posy>
						<width>712</width>
						<height>19</height>
						<align>left</align>
						<font>font24</font>
						<label>$INFO[VideoPlayer.Season,$LOCALIZE[20373]: ] &#32;&#32;&#32; $INFO[VideoPlayer.Episode,$LOCALIZE[20359]: ]</label>
						<textcolor>$VAR[CustomColorNofocus]</textcolor>
					</control>
					<control type="group">
						<posx>217</posx>
						<posy>105</posy>
						<width>450</width>
						<height>34</height>
						<control type="image">
							<description>Video Codec Image</description>
							<posx>0</posx>
							<posy>0</posy>
							<width>75</width>
							<height>34</height>
							<aspectratio align="left">keep</aspectratio>
							<texture colordiffuse="$VAR[CustomColorNofocus]">$INFO[VideoPlayer.VideoCodec,flagging/video/,.png]</texture>
						</control>
						<control type="image">
							<description>Resolution Image</description>
							<posx>75</posx>
							<posy>0</posy>
							<width>56</width>
							<height>34</height>
							<aspectratio align="left">keep</aspectratio>
							<texture colordiffuse="$VAR[CustomColorNofocus]">$INFO[VideoPlayer.VideoResolution,flagging/video/,.png]</texture>
						</control>
						<control type="image">
							<description>Audio Codec Image</description>
							<posx>131</posx>
							<posy>0</posy>
							<width>75</width>
							<height>34</height>
							<aspectratio align="left">keep</aspectratio>
							<texture colordiffuse="$VAR[CustomColorNofocus]">$INFO[VideoPlayer.AudioCodec,flagging/audio/,.png]</texture>
						</control>
						<control type="image">
							<description>Audio Codec Image</description>
							<posx>206</posx>
							<posy>0</posy>
							<width>56</width>
							<height>34</height>
							<aspectratio align="left">keep</aspectratio>
							<texture colordiffuse="$VAR[CustomColorNofocus]">$INFO[VideoPlayer.AudioChannels,flagging/audio/,.png]</texture>
						</control>
					</control>
				</control>
				<control type="label">
					<description>Chapter label</description>
					<posx>15r</posx>
					<posy>4</posy>
					<width>900</width>
					<height>19</height>
					<align>right</align>
					<aligny>center</aligny>
					<font>font24</font>
					<textcolor>$VAR[CustomColorNofocus]</textcolor>
					<label>$INFO[Player.Chapter,$LOCALIZE[21396]: ]$INFO[Player.ChapterCount, / ]$INFO[Player.ChapterName,[COLOR=grey3] (,)[/COLOR]]</label>
					<visible>Player.ChapterCount</visible>
				</control>
				<control type="label">
					<posx>15r</posx>
					<posy>120</posy>
					<width>600</width>
					<height>19</height>
					<label>$LOCALIZE[31049] $INFO[Player.FinishTime]</label>
					<align>right</align>
					<aligny>center</aligny>
					<font>font24</font>
					<textcolor>$VAR[CustomColorNofocus]</textcolor>
					<scroll>true</scroll>
				</control>
			</control>
		</control>

		<control type="image">
			<description>Top bar background video</description>
			<include>Window_OpenClose_Animation_Slide_Down</include>
			<visible>Player.HasVideo</visible>
			<posx>0</posx>
			<posy>0</posy>
			<width>screenwidth</width>
			<height>85</height>
			<texture colordiffuse="73000000">black.png</texture>
		</control>
		<control type="image">
			<description>Top bar background music</description>
			<include>Window_OpenClose_Animation_Slide_Down</include>
			<visible>Player.HasAudio</visible>
			<posx>0</posx>
			<posy>0</posy>
			<width>screenwidth</width>
			<height>75</height>
			<texture colordiffuse="73000000">black.png</texture>
		</control>
		<control type="image">
			<description>Bottom bar background</description>
			<include>Window_OpenClose_Animation_Slide_Up</include>
			<visible>Player.HasAudio | Player.HasVideo</visible>
			<posx>0</posx>
			<posy>130r</posy>
			<width>screenwidth</width>
			<height>165</height>
			<texture colordiffuse="73000000">black.png</texture>
<!-- 
			<texture colordiffuse="$INFO[Skin.String(HBSolidColor)]">$INFO[Skin.String(HBTransparency)]</texture>
 -->
		</control>

		<control type="grouplist" id="900">
			<description>Top Right bar</description>
			<include>Window_OpenClose_Animation_Slide_Down</include>
			<posx>880r</posx>
			<posy>15</posy>
			<width>850</width>
			<height>64</height>
			<align>right</align>
			<itemgap>15</itemgap>
			<orientation>horizontal</orientation>
			<control type="radiobutton" id="667">
				<description>Show Info Button</description>
				<width>325</width>
				<height>50</height>
				<label>$LOCALIZE[544]</label>
				<focusedcolor>$VAR[CustomColorFocus]</focusedcolor>
				<font>font22_title</font>
				<align>left</align>
				<aligny>center</aligny>
				<selected>Skin.HasSetting(PlayerControlsShowAudioInfo)</selected>
				<texturenofocus border="5">1px_transparent.png</texturenofocus>
				<texturefocus border="5">1px_transparent.png</texturefocus>
				<onclick>Skin.ToggleSetting(PlayerControlsShowAudioInfo)</onclick>
				<visible>Player.HasAudio</visible>
				<onleft>Control.SetFocus(666)</onleft>
				<onright>Control.SetFocus(668)</onright>
				<onup></onup>
				<ondown>87</ondown>
			</control>
			<control type="radiobutton" id="667">
				<description>Show Info Button</description>
				<width>335</width>
				<height>50</height>
				<label>$LOCALIZE[544]</label>
				<focusedcolor>$VAR[CustomColorFocus]</focusedcolor>
				<font>font22_title</font>
				<align>left</align>
				<aligny>center</aligny>
				<selected>Skin.HasSetting(PlayerControlsShowVideoInfo)</selected>
				<texturenofocus border="5">1px_transparent.png</texturenofocus>
				<texturefocus border="5">1px_transparent.png</texturefocus>
				<onclick>Skin.ToggleSetting(PlayerControlsShowVideoInfo)</onclick>
				<visible>Player.HasVideo</visible>
				<onleft>Control.SetFocus(666)</onleft>
				<onright>Control.SetFocus(668)</onright>
				<onup></onup>
				<ondown>87</ondown>
			</control>
			<control type="button" id="668">
				<description>Options Submenu Button</description>
				<width>140</width>
				<height>50</height>
				<label>$LOCALIZE[33063]</label>
				<focusedcolor>$INFO[Skin.String(CustomColorFocus)]</focusedcolor>
				<font>font22_title</font>
				<align>center</align>
				<aligny>center</aligny>
				<texturenofocus border="5">1px_transparent.png</texturenofocus>
				<texturefocus border="5">1px_transparent.png</texturefocus>
				<onclick>Skin.ToggleSetting(PlayerControlsSubMenuVisible)</onclick>
				<onleft>Control.SetFocus(667)</onleft>
				<onright>Control.SetFocus(669)</onright>
				<onup></onup>
				<ondown>87</ondown>
			</control>
			<control type="radiobutton" id="669">
				<description>Fullscreen Button</description>
				<visible>!Window.IsVisible(Visualisation) + !Window.IsVisible(FullScreenVideo)</visible>
				<posy>5</posy>
				<width>200</width>
				<height>50</height>
				<radiowidth>36</radiowidth>
				<radioheight>36</radioheight>
				<focusedcolor>$VAR[CustomColorFocus]</focusedcolor>
				<font>font22_title</font>
				<align>center</align>
				<aligny>center</aligny>
				<texturenofocus border="5">1px_transparent.png</texturenofocus>
				<texturefocus border="5">1px_transparent.png</texturefocus>
				<label>31008</label>
				<onclick>ActivateWindow(2006)</onclick>
				<onclick>Control.SetFocus(669)</onclick>
				<textureradioon>GoFullscreen.png</textureradioon>
				<textureradiooff>GoFullscreen.png</textureradiooff>
				<onleft condition="Control.IsVisible(668)">Control.SetFocus(668)</onleft>
				<onleft condition="!Control.IsVisible(668)">Control.SetFocus(667)</onleft>
				<onup></onup>
				<ondown>87</ondown>
			</control>
			<control type="radiobutton" id="669">
				<description>Fullscreen Button</description>
				<visible>Window.IsVisible(Visualisation) | Window.IsVisible(FullScreenVideo)</visible>
				<posy>5</posy>
				<width>200</width>
				<height>50</height>
				<radiowidth>36</radiowidth>
				<radioheight>36</radioheight>
				<focusedcolor>$VAR[CustomColorFocus]</focusedcolor>
				<font>font22_title</font>
				<align>center</align>
				<aligny>center</aligny>
				<texturenofocus border="5">1px_transparent.png</texturenofocus>
				<texturefocus border="5">1px_transparent.png</texturefocus>
				<label>31008</label>
				<onclick condition="Window.IsVisible(VideoOSD)">Dialog.Close(VideoOSD,true)</onclick>
				<onclick condition="Window.IsVisible(MusicOSD)">Dialog.Close(MusicOSD,true)</onclick>
				<onclick>fullscreen</onclick>
				<onclick>Control.SetFocus(669)</onclick>
				<textureradioon flipx="true" flipy="true">GoFullscreen.png</textureradioon>
				<textureradiooff flipx="true" flipy="true">GoFullscreen.png</textureradiooff>
				<onleft>Control.SetFocus(668)</onleft>
				<onright></onright>
				<onup></onup>
				<ondown>87</ondown>
			</control>
		</control>
		<control type="group">
			<posx>0</posx>
			<posy>130r</posy>
			<include>Window_OpenClose_Animation_Slide_Up</include>
			<control type="label">
				<posx>25</posx>
				<posy>10</posy>
				<width>135</width>
				<height>24</height>
				<font>font20_title</font>
				<align>left</align>
				<aligny>center</aligny>
				<label>$INFO[Player.Time(hh:mm:ss)]</label>
			</control>
			<control type="label">
				<posx>105r</posx>
				<posy>10</posy>
				<width>115</width>
				<height>24</height>
				<font>font20_title</font>
				<align>left</align>
				<aligny>center</aligny>
				<label>$INFO[Player.Duration(hh:mm:ss)]</label>
			</control>
			<!-- control type="progress">
				<description>ProgressbarCache</description>
				<posx>200</posx>
				<posy>16</posy>
				<width>880</width>
				<height>32</height>
				<info>Player.ProgressCache</info>
				<midtexture border="16,0,16,0">OSDProgressMidLight.png</midtexture>
			</control -->
			<control type="progress">
				<description>Progressbar</description>
				<posx>0</posx>
				<posy>0</posy>
				<width>1280</width>
				<height>4</height>
				<info>Player.Progress</info>
				<texturebg border="2">HeaderProgressBack2.png</texturebg>
				<midtexture colordiffuse="$VAR[CustomColorNofocus]" border="2">headerprogressfrontwhite.png</midtexture>
<!-- 
				<midtexture border="2">HeaderProgressFront2.png</midtexture>
 -->
			</control>
			<control type="slider" id="87">
				<description>Seek Slider</description>
				<posx>0</posx>
				<posy>-18</posy>
				<width>1280</width>
				<height>40</height>
				<action>seek</action>
				<texturesliderbar>OSDProgressBack2.png</texturesliderbar>
				<textureslidernib>OSDSliderNib.png</textureslidernib>
				<textureslidernibfocus colordiffuse="$VAR[CustomColorFocus]" border="5">OSDSliderNib.png</textureslidernibfocus>
				<onup>666</onup>
				<ondown>9002</ondown>
			</control>
		</control>
		<control type="group">
            <visible>!Skin.HasSetting(ShowVolumeOverlay)</visible>
			<posx>412r</posx>
			<posy>104r</posy> 
			<include>Visible_Animation_Slide_Up</include>
			<control type="button" id="606">
				<posx>0</posx>
				<posy>25</posy>
				<width>60</width>
				<height>60</height>
				<label>$LOCALIZE[486]$INFO[Playlist.Repeat, : ]</label>
				<font></font>
				<texturefocus></texturefocus>
				<texturenofocus></texturenofocus>
				<onclick>XBMC.PlayerControl(Repeat)</onclick>
				<onleft>605</onleft>
				<onright>607</onright>
				<onup>87</onup>
				<ondown></ondown>
			</control>
			<control type="image">
				<posx>0</posx>
				<posy>25</posy>
				<width>64</width>
				<height>64</height>
				<texture colordiffuse="$VAR[CustomColorNofocus]">OSDRepeatNF.png</texture>
				<visible>!Playlist.IsRepeat + !Playlist.IsRepeatOne</visible>
				<visible>!Control.HasFocus(606)</visible>
			</control>
			<control type="image">
				<posx>0</posx>
				<posy>25</posy>
				<width>64</width>
				<height>64</height>
				<texture colordiffuse="$VAR[CustomColorFocus]">OSDRepeatNF.png</texture>
				<visible>!Playlist.IsRepeat + !Playlist.IsRepeatOne</visible>
				<visible>Control.HasFocus(606)</visible>
			</control>
			<control type="image">
				<posx>0</posx>
				<posy>25</posy>
				<width>64</width>
				<height>64</height>
				<texture colordiffuse="$VAR[CustomColorNofocus]">OSDRepeatOneNF.png</texture>
				<visible>Playlist.IsRepeatOne</visible>
				<visible>!Control.HasFocus(606)</visible>
			</control>
			<control type="image">
				<posx>0</posx>
				<posy>25</posy>
				<width>64</width>
				<height>64</height>
				<texture colordiffuse="$VAR[CustomColorFocus]">OSDRepeatOneNF.png</texture>
				<visible>Playlist.IsRepeatOne</visible>
				<visible>Control.HasFocus(606)</visible>
			</control>
			<control type="image">
				<posx>0</posx>
				<posy>25</posy>
				<width>64</width>
				<height>64</height>
				<texture colordiffuse="$VAR[CustomColorNofocus]">OSDRepeatAllNF.png</texture>
				<visible>Playlist.IsRepeat</visible>
				<visible>!Control.HasFocus(606)</visible>
			</control>
			<control type="image">
				<posx>0</posx>
				<posy>25</posy>
				<width>64</width>
				<height>64</height>
				<texture colordiffuse="$VAR[CustomColorFocus]">OSDRepeatAllNF.png</texture>
				<visible>Playlist.IsRepeat</visible>
				<visible>Control.HasFocus(606)</visible>
			</control>
			<control type="togglebutton" id="607">
				<posx>87</posx>
				<posy>25</posy>
				<width>64</width>
				<height>64</height>
				<label>$LOCALIZE[590]$INFO[Playlist.Random, : ]</label>
				<font></font>
				<texturefocus colordiffuse="$VAR[CustomColorFocus]">OSDRandomOffNF.png</texturefocus>
				<texturenofocus colordiffuse="$VAR[CustomColorNofocus]">OSDRandomOffNF.png</texturenofocus>
				<usealttexture>Playlist.IsRandom</usealttexture>
				<alttexturefocus colordiffuse="$VAR[CustomColorFocus]">OSDRandomOnNF.png</alttexturefocus>
				<alttexturenofocus colordiffuse="$VAR[CustomColorNofocus]">OSDRandomOnNF.png</alttexturenofocus>
				<onclick>XBMC.PlayerControl(Random)</onclick>
				<onleft>606</onleft>
				<onright>9002</onright>
				<onup>87</onup>
				<ondown></ondown>
			</control>
			
			<control type="panel" id="9002">
			<visible>!Window.IsActive(PlayerControls) + !Skin.HasSetting(ShowVolumeOverlay)</visible>
			<include>SubMenuCommonLayout</include>
			<onup condition="Control.IsVisible(87)">Control.SetFocus(87)</onup>
			<onleft condition="Control.IsVisible(607)">Control.SetFocus(607)</onleft>
			<onleft condition="Control.IsVisible(605) + !Control.IsVisible(607)">Control.SetFocus(605)</onleft>
			<content>
				<item>
					<label></label>
					<visible>Window.IsVisible(VideoOSD)</visible>
					<onclick>Dialog.Close(VideoOSD,true)</onclick>
					<onclick>ActivateWindow(25)</onclick>
					<icon>icon_list_w.png</icon>
				</item>
				<item>
					<label></label>
					<visible>Window.IsVisible(MusicOSD)</visible>
					<onclick>Dialog.Close(MusicOSD,true)</onclick>
					<onclick>ActivateWindow(502)</onclick>
					<icon>icon_list_w.png</icon>
				</item>
				<item>
					<visible>Window.IsVisible(MusicOSD) | Window.IsVisible(VideoOSD)</visible>
					<label>31200</label>
					<onclick condition="Window.IsVisible(MusicOSD) | Window.IsVisible(VideoOSD)">Dialog.Close(all,true)</onclick>
					<onclick>ParentDir</onclick>
					<icon>icon_back_w.png</icon>
				</item>
				<item>
					<visible>!Window.IsVisible(MusicOSD) + !Window.IsVisible(VideoOSD)</visible>
					<label>31200</label>
					<onclick>Back</onclick>
					<icon>icon_back_w.png</icon>
				</item>

			</content>
		</control>			
		</control>
		<include>BottomNowPLaying</include>
		<control type="group">
			<visible>Window.IsVisible(FullscreenVideo)</visible>
			<posx>80r</posx>
			<posy>385</posy>
			<control type="image">
				<posx>0</posx>
				<posy>0</posy>
				<width>90</width>
				<height>170</height>
				<colordiffuse>EEFFFFFF</colordiffuse>
				<texture border="3">PlayerControls-Background.png</texture>
			</control>
			<control type="label">
				<description>header label</description>
				<posx>0</posx>
				<posy>10</posy>
				<height>20</height>
				<width>80</width>
				<label>287</label>
				<align>center</align>
				<aligny>center</aligny>
				<font>font11_title</font>
				<shadowcolor>black</shadowcolor>
			</control>
			<control type="label">
				<description>Video Has no Subtitles label</description>
				<posx>0</posx>
				<posy>40</posy>
				<height>20</height>
				<width>80</width>
				<label>31011</label>
				<align>center</align>
				<aligny>center</aligny>
				<font>font14_title</font>
				<textcolor>grey2</textcolor>
				<shadowcolor>black</shadowcolor>
				<visible>!VideoPlayer.HasSubtitles</visible>
			</control>
			<control type="togglebutton">
				<description>Download with Subtitles script</description>
				<posx>10</posx>
				<posy>38</posy>
				<width>60</width>
				<height>35</height>
				<hitrect x="5" y="5" w="75" h="80" />
				<label>31356</label>
				<font></font>
				<texturefocus>radiobutton-nofocus.png</texturefocus>
				<texturenofocus>radiobutton-nofocus.png</texturenofocus>
				<alttexturefocus>radiobutton-focus.png</alttexturefocus>
				<alttexturenofocus>radiobutton-focus.png</alttexturenofocus>
				<onleft>605</onleft>
				<onright>702</onright>
				<onup>1000</onup>
				<ondown>1000</ondown>
				<onclick>Dialog.Close(VideoOSD,true)</onclick>
				<onclick>ShowSubtitles</onclick>
				<usealttexture>VideoPlayer.SubtitlesEnabled</usealttexture>
				<visible>VideoPlayer.HasSubtitles</visible>
			</control>
			<control type="image">
				<posx>0</posx>
				<posy>88</posy>
				<width>80</width>
				<height>2</height>
				<texture>header-divide.png</texture>
			</control>
			<control type="togglebutton">
				<posx>10</posx>
				<posy>100</posy>
				<width>65</width>
				<height>60</height>
				<label>31356</label>
				<hitrect x="5" y="100" w="75" h="70" />
				<font></font>
				<texturefocus flipy="true">icon_shift.png</texturefocus>
				<texturenofocus flipy="true">icon_shift.png</texturenofocus>
				<alttexturefocus flipy="true">icon_shift.png</alttexturefocus>
				<alttexturenofocus flipy="true">icon_shift.png</alttexturenofocus>
				<onleft>605</onleft>
				<onright>702</onright>
				<onup>1000</onup>
				<ondown>1000</ondown>
				<onclick>Close</onclick>
				<onclick>XBMC.RunScript($INFO[Skin.String(SubtitleScript_Path)])</onclick>
				<altclick>Skin.SetAddon(SubtitleScript_Path,xbmc.python.subtitles)</altclick>
				<altclick>Close</altclick>
				<altclick>XBMC.RunScript($INFO[Skin.String(SubtitleScript_Path)])</altclick>
				<usealttexture>String.IsEmpty(Skin.String(SubtitleScript_Path))</usealttexture>
			</control>
		</control>

		<control type="group">
			<visible>Skin.HasSetting(PlayerControlsSubMenuVisible)</visible>
			<include>VisibleFadeEffect</include>
			<control type="group">
				<posx>470r</posx>
				<posy>113</posy>
				<control type="image">
					<description>Shadow Background</description>
					<posx>-30</posx>
					<posy>-30</posy>
					<width>380</width>
					<height>320</height>
					<texture border="30">ShadowBorder.png</texture>
				</control>
				<control type="button">
					<description>Panel Background image</description>
					<posx>0</posx>
					<posy>0</posy>
					<width>320</width>
					<height>260</height>
					<texturefocus border="5">SubBack.png</texturefocus>
					<texturenofocus border="5">SubBack.png</texturenofocus>
					
				</control>
				<control type="image">
					<description>Panel Forground image</description>
					<posx>10</posx>
					<posy>10</posy>
					<width>300</width>
					<height>234</height>
					<texture border="5">SubBack2.png</texture>
				</control>
				<control type="image">
					<description>Panel Arrow image</description>
					<posx>140</posx>
					<posy>-34</posy>
					<width>40</width>
					<height>40</height>
					<texture>arrow-big-up.png</texture>
				</control>
				<control type="grouplist">
					<posx>11</posx>
					<posy>10</posy>
					<width>300</width>
					<height>234</height>
					<onleft>9000</onleft>
					<onright>50</onright>
					<onup>9000</onup>
					<ondown>9000</ondown>
					<itemgap>-1</itemgap>
					<!-- Buttons for Fullscreen Video -->
					<control type="button" id="610">
						<include>ButtonCommonValues2</include>
						<label>13395</label>
						<onclick>Dialog.Close(VideoOSD,true)</onclick>
						<onclick>Skin.Reset(PlayerControlsSubMenuVisible)</onclick>
						<onclick>XBMC.ActivateWindow(123)</onclick>
						<visible>Window.IsVisible(FullScreenVideo)</visible>
						<onup></onup>
						<ondown>60</ondown>
						<onleft>666</onleft>
						<onright>611</onright>
					</control>
					<control type="button" id="611">
						<include>ButtonCommonValues2</include>
						<label>31002</label>
						<onclick>Dialog.Close(VideoOSD,true)</onclick>
						<onclick>Skin.Reset(PlayerControlsSubMenuVisible)</onclick>
						<onclick>XBMC.ActivateWindow(124)</onclick>
						<visible>Window.IsVisible(FullScreenVideo)</visible>
						<onup></onup>
						<ondown>60</ondown>
						<onleft>610</onleft>
						<onright>612</onright>
					</control>
					<control type="button" id="612">
						<include>ButtonCommonValues2</include>
						<label>298</label>
						<onclick>Dialog.Close(VideoOSD,true)</onclick>
						<onclick>Skin.Reset(PlayerControlsSubMenuVisible)</onclick>
						<onclick>XBMC.ActivateWindow(125)</onclick>
						<visible>Window.IsVisible(FullScreenVideo)</visible>
						<onup></onup>
						<ondown>60</ondown>
						<onleft>611</onleft>
						<onright>613</onright>
					</control>
					<control type="button" id="613">
						<include>ButtonCommonValues2</include>
						<label>31355</label>
						<onclick>PlayerControl(ShowVideoMenu)</onclick>
						<visible>VideoPlayer.HasMenu</visible>
						<visible>Window.IsVisible(FullScreenVideo)</visible>
						<onup></onup>
						<ondown>60</ondown>
						<onleft>612</onleft>
						<onright></onright>
					</control>
					<!-- Buttons for Fullscreen Audio -->
					<control type="button" id="610">
						<include>ButtonCommonValues2</include>
						<label>250</label>
						<onclick>Dialog.Close(MusicOSD,true)</onclick>
						<onclick>Skin.Reset(PlayerControlsSubMenuVisible)</onclick>
						<onclick>Addon.Default.Set(xbmc.player.musicviz)</onclick>
<!-- 
						<visible>Window.IsVisible(Visualisation)</visible>
 -->
						<onup></onup>
						<ondown>60</ondown>
						<onleft>666</onleft>
						<onright>611</onright>
					</control>
					<control type="button" id="611">
						<include>ButtonCommonValues2</include>
						<label>31005</label>
						<onclick>Dialog.Close(MusicOSD,true)</onclick>
						<onclick>Skin.Reset(PlayerControlsSubMenuVisible)</onclick>
						<onclick>Addon.Default.OpenSettings(xbmc.player.musicviz)</onclick>
						<visible>Window.IsVisible(Visualisation)</visible>
						<onup></onup>
						<ondown>60</ondown>
						<onleft>610</onleft>
						<onright>612</onright>
					</control>
					<control type="button" id="612">
						<include>ButtonCommonValues2</include>
						<label>31006</label>
						<onclick>Dialog.Close(MusicOSD,true)</onclick>
						<onclick>Skin.Reset(PlayerControlsSubMenuVisible)</onclick>
						<onclick>XBMC.ActivateWindow(122)</onclick>
						<visible>Window.IsVisible(Visualisation)</visible>
						<onup></onup>
						<ondown>60</ondown>
						<onleft>611</onleft>
						<onright></onright>
					</control>
					<control type="image">
						<posx>0</posx>
						<posy>100</posy>
						<width>298</width>
						<height>10</height>
						<texture>shelf_shadow.png</texture>
					</control>
				</control>
			</control>
		</control>
		<include>HomeButtonCommons</include>
	</include>
</includes>
